,Symbol,Open,High,Low,Close,Volume,Market Cap
126,BTC,4285499.54,4422130.57,4133351.88,4291620.04,2679363918421.79,70614649099116.0
293,ETH,246148.647596,256063.081104,234758.799014,246280.619429,926895884274.0,23914348163414.74
849,XRP,287.926755,305.618803,269.80949,288.491187,347146056729.85,11026216962989.0
73,BCH,428671.67,456206.65,400971.82,428475.14,346056027550.0,7210628624441.4
284,EOS,2911.635886,3080.862536,2725.023072,2914.776015,267377061852.0,2174155987481.22
458,LTC,60399.88,63201.38,57293.36,60435.16,260554776943.79,3150877495697.0
292,ETC,9896.740351,10432.667408,9335.080703,9903.298677,134646195768.0,972571071792.74
744,TRX,14.137706,15.313191,12.906261,14.141426,107322755286.0,930264953415.84
628,QTUM,8002.96,8548.91,7395.82,7997.93,96410009862.0,580960955778.0
520,NEO,22981.869916,24344.148978,21354.048599,22987.044012,65296667470.0,1460701104777.78
19,ADA,82.55773,88.03083,76.254749,82.580064,62847680662.0,2139975644676.48
223,DASH,206854.477915,216811.863309,196040.053092,206987.315978,61001974327.0,1606367838494.0
831,XLM,99.536875,105.86287,92.850544,99.761885,42381620638.0,1767007297051.0
489,MIOTA,614.927786,655.835338,567.467854,614.510151,41485181678.0,1709240537142.0
871,ZEC,162066.57,174467.69,147701.41,157999.82,38887010022.0,420295819020.0
838,XMR,83050.112771,87306.203729,78326.771604,83140.939341,35242949694.0,1290545030933.0
862,XVG,16.589932,18.349802,14.908102,16.588102,26715318135.0,243364696433.0
134,BTG,37626.26,40721.21,34347.65,37144.36,23249818786.0,525475257597.16
372,HC,4251.15,4588.2,3882.08,4231.99,21037962822.0,166853400766.66
182,CKUSD,166.698367,169.433985,163.535295,166.617167,20648735964.0,42240390915.8
383,HT,644.19,672.7,611.07,644.47,18637051844.0,45244039077.42
401,ICX,964.50656,1041.00454,874.691931,964.698029,16800969488.0,348531529714.66
140,BTS,107.818214,115.07485,99.720794,107.877816,16707454811.0,279661565131.0
557,ONT,843.26,895.34,787.35,842.3,16486306556.0,114604088305.66
824,XEM,167.307105,178.111289,154.767207,167.160049,15733154503.0,1505577541517.0
136,BTM,140.702036,148.918647,131.381411,140.756992,14817801696.0,137640461983.74
456,LSK,4529.322959,4863.142952,4195.535304,4530.65139,14029174516.0,506235872346.0
658,SC,7.261385,7.846163,6.653921,7.262949,11353091027.0,231312610645.7
544,NXT,114.886082,124.919556,105.222313,115.014831,11277490914.72,114780291995.0
246,DOGE,2.156095,2.292925,2.021994,2.161694,11185043244.36,233639360386.0
798,WAVES,2613.648931,2764.9948,2442.559904,2611.637591,9774255918.0,264140286961.06
706,STRAT,2897.782396,3107.854666,2666.9034,2899.510503,8209201121.0,286157328440.74
513,NANO,2122.214779,2313.618857,1888.391347,2120.666253,7741144460.0,282616422404.74
236,DGB,14.639667,15.84744,13.460219,14.665047,7123609849.0,142035817424.0
704,STEEM,1230.19238,1325.713402,1125.734516,1229.176002,6336010065.0,280686473703.0
515,NAS,1698.27,1804.97,1562.49,1698.16,5923465635.0,66324776930.38
280,EMC2,128.070746,141.100254,113.921778,127.932802,4660726625.0,27654147120.0
71,BCD,3793.4,4307.13,3300.4123720000002,3728.46,4539731900.0,104034806506.28
273,ELA,7785.2699999999995,8216.55,7246.76,7749.71,4456357712.0,40290390453.1
367,GXS,1450.021922,1561.39,1346.717387,1446.455019,4292150156.0,81949951702.58
362,GRS,306.984394,330.872045,279.069713,306.354627,4178264520.0,21355545478.0
638,RDD,2.278419,2.49358,2.071054,2.281256,4151816613.0,65420119877.0
75,BCN,1.720188,1.8743130000000001,1.578919,1.738067,4141512328.0,315591985389.0
18,ACT,83.14195600000001,89.922279,74.925468,82.841454,4003962296.0,39164401624.38
42,ARDR,173.537177,187.562134,159.212121,173.273763,3696636018.0,177685313348.8
603,PPC,2476.038205,2624.781647,2330.329868,2475.459091,3257674726.2599998,56997142814.0
306,FCT,11993.821616,12864.850234,11081.665161,11989.603633,3174808043.0,105158714029.74
531,NMC,2601.347976,2775.313871,2434.074375,2602.099376,2815184185.79,30021800421.0
519,NEBL,2925.196452,3257.118288,2653.053505,2926.757868,2793493704.0,38218138642.48
656,SBD,1503.798031,1656.3510430000001,1375.327455,1499.878983,2786586428.0,27806710066.760002
792,VTC,1397.01822,1516.263566,1282.948995,1396.475033,2760880932.0,49774168474.0
803,WICC,188.833469,202.14007999999998,174.32342,188.067236,2740715712.0,48252822014.62
828,XIN,5.943622,6.535239,5.321256,5.931633,2645796291.0,89698712474.14
324,FTC,160.175039,175.143367,145.827363,159.572722,2640770575.14,17074463142.0
821,XDN,4.467178,4.948245,4.03074,4.483249,2620043602.0,30789781654.0
296,ETP,1135.8729,1228.527752,1039.66508,1129.185029,2494520028.0,46047311364.22
542,NVC,5938.227748,6322.739364,5590.652575,5937.650859,2481471615.2599998,7085848175.0
715,SYS,152.278235,163.813029,140.271204,152.540477,2458291760.0,80611563569.0
869,ZCL,11386.716468999999,12747.882853000001,9881.950694,11377.936809,2332159761.0,34463186293.0
735,TRC,179.705487,198.146221,161.537225,179.211792,2303075103.2599998,2101139258.0
318,FRC,17.400432,20.378918,15.110623,17.392068,2256769361.14,2567375816.92
491,MNC,103.192729,124.019877,88.049789,103.129793,2228909104.5499997,1442868689.7
124,BTB,21049.525414,25559.835055,18061.996794,21004.943082,2198992822.96,463612936.0
498,MONA,1679.789668,1801.597038,1567.7774,1680.880461,2166871587.0,93510013643.0
566,PAI,49.251131,52.275852,44.787633,48.142837,2135768490.0,21120195457.9
48,ARK,1275.68101,1373.157959,1175.59964,1276.016887,2134093651.0,127190051508.74
801,WDC,66.03122,73.580783,57.849179,65.881858,2123956908.12,4160620129.0
797,WAN,628.771096,663.63609,590.255969,625.711507,2074058018.0,64494467046.32
417,IXC,102.998755,116.340109,91.035734,103.052085,2057847907.0099998,2102059400.0
428,KMD,1378.467321,1479.288248,1264.771929,1376.777369,2048474020.0,142827959814.74
842,XPM,990.531642,1075.478526,912.769609,990.753646,2017200267.57,12149129873.0
237,DGC,65.295961,73.283754,57.257965,65.251624,1941862103.53,1331335678.0
402,IFC,0.06629412,0.07521289,0.05789909,0.06627033,1913358767.8,72538348399.46
865,XZC,14968.632712,16017.22497,13900.614465999999,14974.915191,1901810994.0,60021005062.96
587,PIVX,1939.361755,2080.749042,1792.459306,1937.465272,1886115019.0,107435640082.74
227,DCR,28840.04508,30613.216868,27037.79406,28882.32788,1844715356.0,194477409805.62
342,GLD,82.24956,90.34217,74.736527,82.281828,1839183695.1699998,3251397687.0
769,USNBT,1301.236722,1360.419069,1266.273195,1300.271497,1768478597.0,8044127023.280001
481,MEC,141.354184,158.143848,125.651897,141.447419,1755230603.04,3687945332.0
618,PXC,7.653313,8.940225,6.5802,7.658014,1620621590.6299999,8458145295.42
774,VET,0.781436,0.823264,0.731212,0.779768,1595889820.0,43334170970.0
651,RVR,75.710686,84.045891,67.599017,75.09949,1585652911.0,15100784246.1
516,NAV,522.179746,570.67556,477.438517,523.017906,1563227642.0,32507376623.0
323,FST,6.276609,7.461105,5.44153,6.283739,1513753678.27,948707298.74
33,ANC,1321.579756,1540.023094,1142.615614,1327.360778,1482248513.62,1913131558.0
809,XAS,309.382966,337.432849,280.85082,309.13349,1445010535.0,29260259827.88
165,CBX,1376.184862,1567.208982,1221.939328,1378.5523,1357034156.79,1359340650.0
328,GAME,1068.867,1149.069707,989.674276,1068.435581,1343082792.0,68077014050.0
44,ARG,65.961965,78.852539,57.710561,65.884776,1337698285.73,326520621.0
543,NXS,1038.548608,1140.159557,942.714565,1038.916876,1262848000.0,62838022415.76
626,QRK,24.624293,27.081537,21.628083,24.467581,1231725452.1899998,6140262126.0
775,VIA,896.842919,975.894322,823.467819,895.006928,1115838875.0,20329328157.0
878,ZET,13.798027,15.425893,12.30322,13.812704,1107627097.6499999,2251457926.0
65,BAY,26.312788,29.238762,23.619263,26.33054,1100190865.0,26560054146.0
682,SLS,16063.574775,17753.491732,14501.678826,16083.840888,1056409082.0,22917355244.98
445,LET,10.685081,11.387787,9.910274,10.535838,1010110655.0,14702404134.08
175,CHAT,24.9419,26.788213,22.965292,24.633855,1008097332.0,59338308490.12
281,EMD,6.670012,7.462975,5.887678,6.677187,985666084.1199999,4096827351.84
548,OC,1.241153,1.336705,1.11058,1.223929,984420347.0,59881965945.340004
596,POA,63.841994,67.756236,59.113344,63.277295,982047032.0,13569207895.96
148,BURST,10.023199,10.961513,9.152167,10.038765,978691677.0,25158948339.72
551,OF,0.357814,0.382995,0.327143,0.354182,946814534.0,61372803271.78
552,OK,103.250008,114.009521,93.589515,103.376716,893005977.0,7559859190.0
438,LBC,189.039909,209.750002,169.905552,188.486732,885137884.0,21115939873.88
295,ETN,13.924522,15.289064,12.497463,13.853658,882631431.0,79587040914.9
642,RISE,119.380264,135.805932,105.32999099999999,119.397525,875979745.0,13676817915.0
99,BLK,190.411571,206.976697,176.071183,190.337049,861741605.0,14501462461.0
748,TTT,7.587198,8.06015,7.035117,7.484849,856327859.0,16056830374.880001
874,ZEN,10852.65,11705.1,10008.1,10852.0,829090571.0,37260899477.44
788,VRC,301.512578,335.499322,274.259793,302.015575,813008683.0,9114072618.0
678,SKY,5292.382115,5765.48,4789.128972,5299.231333,744076073.0,41234155646.7
411,ION,897.922216,983.37994,816.364313,894.513148,740996589.0,16509529727.0
213,CSC,31.337471,38.454541,25.943824,31.830866,735691501.81,21765893738.84
279,EMC,1234.550225,1325.753703,1150.741373,1235.90697,730355307.0,50752049559.0
52,ATB,153.416123,171.311382,135.51745400000001,152.394365,714158939.0,10008821078.06
602,POT,68.985882,75.06532,63.655541,69.012743,670286930.0,14883291521.0
185,CLOAK,3903.55014,4286.742275,3556.540065,3894.192138,660642921.0,19831792734.0
657,SBTC,10499.57,12494.33,9077.84,10303.8,596820501.0,71311718781.38
77,BCX,4.840934,5.442487,4.238475,4.773491,587340718.0,71311718781.38
412,IOP,1879.733606,2133.164041,1649.913895,1879.442698,586068923.0,73613917790.90001
92,BITB,3.167576,3.483647,2.869512,3.173137,580909217.0,7397799569.0
860,XTZ,1104.23,1189.07,1026.39,1107.44,580288847.0,154669542267.24
228,DCT,577.482067,713.339173,489.512749,579.057589,572214739.0,68047465093.700005
483,MEME,123.207169,137.808428,110.741471,123.045307,563865001.0,4573006463.66
716,TAG,266.912582,299.697448,234.467205,266.381458,536222307.55999994,708637360.0
760,UNB,284.224688,317.791729,252.921209,286.415255,506282278.0,646006287.0
755,UBQ,954.667967,1034.830913,870.43816,954.191609,497266023.0,37138813034.22
142,BTX,4141.158292,4647.404804,3695.094344,4141.826502,494804337.0,54798849449.7
194,CNX,1448.301848,1565.23,1334.602158,1449.273485,491843743.0,70373475910.72
818,XCP,10831.25727,11764.421462,9958.291921,10815.351652,491479649.0,28397842420.0
319,FRGC,4095.383861,4224.090107,3921.666512,4089.774441,472987098.0,157034865051.68
313,FLO,48.617646,53.830007,44.51576,48.636213,470856018.9,6606802741.0
333,GBYTE,178968.95,193906.09,163153.98,178969.16,456503691.0,90358536576.96
302,EXP,1324.343799,1441.408765,1214.524475,1322.894741,454248610.0,11939085233.66
726,THC,41.768146,46.399789,37.213626,41.756647,443759196.0,9629013888.0
629,RADS,2634.667185,2878.119686,2435.7910190000002,2634.485713,440820873.0,10864355394.92
568,PART,4882.47,5332.69,4472.68,4882.92,424307519.0,41538281576.0
823,XEL,146.293078,162.419972,131.660962,145.586938,414232133.0,13201447624.48
654,SAK,81.464242,86.658988,76.402101,81.3836,395895086.0,299658302614.44
840,XP,0.117880607,0.141834041,0.096036275,0.117635649,392455337.0,42182589027.06
555,OMNI,31194.025889,34126.647484,28426.455274,31138.278503,388385141.59,18132698300.0
183,CLAM,3635.950139,3901.875929,3381.286263,3637.958305,352248952.0,8453999273.0
753,TX,559.450574,616.912296,510.452158,559.082546,345152785.0,3516761230.0
714,SYNX,167.346652,188.237586,152.095828,167.273199,342620715.0,2888747263.0
639,REC,3432.227794,3847.508937,3055.481784,3421.231224,325643191.0,22276904494.64
267,EDR,8532.75801,12888.041392000001,4405.744194,8002.298795000001,324895707.0,36655439531.58
451,LMC,30.091697,33.089317,27.173497,30.080767,323657480.0,18021766630.04
695,SPHR,1293.418098,1425.717983,1173.812794,1287.578138,310546450.0,3987187846.0
431,KORE,1440.592559,1594.483439,1306.010057,1441.541506,299513419.0,2885346566.0
262,EBST,97.752331,109.598231,86.393956,97.387468,287134366.0,25586391654.52
394,I0C,40.069664,59.858038,34.907068,40.224183,284948131.9,835666777.0
444,LEO,392.551771,425.657272,365.264757,390.190966,281862603.0,181658854977.2
157,CANN,27.394571,30.8986,24.854611,27.413052,267368255.0,2117917793.0
669,SHIFT,1058.341714,1161.279307,962.298913,1057.75602,260603008.0,54232760580.060005
509,MUE,65.801006,72.444071,60.131912,65.813744,259717793.0,8260998928.0
614,PURA,141.374246,155.352601,127.185408,141.161753,258984843.0,33654280565.440002
816,XCN,4.650434,5.315103,4.028355,4.604546,251743052.0,1350040896.0
22,ADK,8405.267098,9427.579235,7430.20176,8396.897859,245582213.0,77803263474.96
348,GO,4.85623,5.292986,4.410399,4.85899,243800149.0,7920953134.02
700,SSC,12.965512,13.746027,11.947051,12.823608,236097352.0,31033608756.32
521,NEOS,1828.339136,1990.439286,1678.69302,1827.589321,232223157.0,7589052331.96
699,SRC,106.867531,118.657586,96.539844,106.193583,232023465.13,471624641.0
116,BSD,291.834899,318.341216,269.579272,291.124671,229725669.0,6163598522.96
683,SMART,62.200012,73.160623,52.860409,62.125645,225587464.0,45430595251.18
186,CLUB,653.888664,711.175112,596.75937,653.926962,223400195.0,251206089505.14
810,XBC,35328.859864,38832.533452,32327.800008,35294.374096,222840523.0,3605701552.0
391,HYC,1.440911,1.5120770000000001,1.338067,1.414217,209974410.0,12175171499.26
863,XWC,40.705939,44.712914,37.800315,40.766765,207620409.0,10154987210.0
322,FRST,2441.156228,2564.343209,2285.755343,2439.795623,207058571.0,79286375465.62001
569,PASC,488.854539,535.071879,448.078196,489.878668,204011380.0,7914261840.0
260,DYN,1094.482792,1192.756975,1008.526969,1092.20341,203113869.0,3919950893.2200003
756,UBTC,16065.89,17910.98,14035.49,15579.03,203007158.0,70566300118.16
127,BTCD,46877.268764,51122.66072,43161.086793,46894.104177,200512266.0,60337661474.0
256,DTC,40.271413,45.523072,35.265991,39.865305,189915178.6,114578464.0
585,PINK,11.548956,12.609426000000001,10.598498,11.546986,189555747.0,5721608364.440001
671,SIB,672.18103,733.872552,621.344193,671.29012,189477679.0,10657267838.0
336,GCR,60.897744,67.809195,54.949018,61.142319,185086858.0,18380293933.260002
301,EXCL,506.756101,568.881703,464.045061,506.758305,183700532.0,2237392638.0
549,OCC,377.988105,427.048321,335.292802,373.403953,182488780.0,7515801980.200001
510,MUSIC,9.984335,10.889977,9.065088,9.977722,180879264.0,7388414011.14
713,SXC,14.93242,16.879646,13.095983,14.904321,180861512.54,1731057743.0
100,BLOCK,9212.352901,10020.590639,8473.527851,9220.952069,177161268.0,68500670076.04
839,XMY,3.614793,3.998358,3.251733,3.609654,176320647.0,5200194697.0
308,FIL,3516.93,3733.54,3247.11,3513.01,173950242.0,71808664556.86
1,$PAC,1.0389852865,1.1011424293,0.9803935453,1.0272850218,167722835.0,208698320660.16
529,NLG,60.973325,65.316372,57.03847,61.034395,166396046.0,22476609701.0
495,MOAC,1872.06,1978.58,1760.74,1859.74,164307846.0,50652625613.200005
356,GRC,28.870523,31.193188,26.814062,28.88379,164232647.0,15176862191.84
63,B2X,43050.248478,49531.210221,36768.676221,41875.10851,162948569.0,85226200494.82
448,LINDA,0.593827,0.670834,0.522232,0.59329,159920233.0,11071822254.24
795,W3C,0.108931,0.132254,0.078915,0.100028,156977926.0,54167089527.32
385,HTML,0.214533,0.242155,0.181434,0.214582,154626082.0,14932655447.28
697,SPR,396.450661,443.719793,356.439439,398.218021,152227819.0,3697383052.74
249,DOPE,21.956241,24.40573,19.98319,21.938887,149593770.0,2523675036.0
834,XMC,722.78,799.17,666.57,716.6,143887471.0,40004134926.14
243,DMD,4122.88322,4452.482535,3816.54079,4123.82227,141030945.24,10141665617.0
681,SLR,208.880158,230.892822,191.211399,209.076165,134117634.0,8015312388.0
201,CPC,579.442624,629.769453,530.913723,579.274286,127744797.0,21438215163.420002
242,DMC,207.909958,211.163143,204.462022,208.589604,125748751.0,167470726336.76
813,XBY,39.723706,44.136684,35.061615,39.667069,123511468.0,17725753989.74
800,WC,218.711002,240.748746,196.154585,217.425864,120873976.0,74541866322.0
765,UNO,54327.39,57824.47,51606.117149,54415.65,119153801.17999999,10730789988.0
325,FTO,1171.01,1219.27,1120.98,1163.6,117876118.0,28077436314.620003
588,PKB,198.37487,226.013463,178.099874,198.217185,117782835.0,944506883.0
230,DEM,28.829859,34.289266,25.163202,28.723869,116448310.35999998,492139738.0
26,AEON,960.303806,1055.145528,884.63464,961.947315,115614572.0,14509527289.0
83,BET,5.981721,7.338514,4.791598,5.868663,114049948.35999998,111093550647.78
450,LKK,104.192978,107.468015,100.419171,104.176396,111644982.0,27447016316.84
144,BU,3.129016,3.192025,3.028635,3.114399,105230650.0,3478620428.36
410,IOC,1000.856916,1101.246183,914.160352,999.813302,104192488.0,16461402904.0
581,PHR,607.413467,673.430864,540.699386,608.030199,103990055.0,10653026372.06
463,LUX,2680.554496,2961.54,2386.704519,2679.08484,103531796.0,5301464728.92
476,MAX,66.565068,76.254763,58.210139,65.60594999999999,103420791.0,1983337908.0
734,TPAY,644.948653,689.819721,588.203132,646.534562,101970463.0,12423424130.880001
522,NET,1.894591,2.1406169999999998,1.68359,1.879975,101750007.3,787325170.0
9,ABY,4.30911,4.763394,3.920868,4.311376,99231348.0,3356417145.0
129,BTCP,3546.1,3832.39,3215.64,3485.9,98916406.0,59012606738.16
54,ATCC,75.223987,81.847431,66.96718,75.357847,97637350.0,25828081713.74
337,GDC,0.1506375,0.17376353,0.13140447,0.14822351,95937308.3,57178581805.200005
703,START,59.771511,67.012305,53.644778,59.412905,95079462.0,2103784445.0
225,DBIX,3438.89956,3830.430347,3047.878351,3441.620284,93541384.0,10503845865.54
263,ECA,0.41504800000000003,0.474926,0.363155,0.418304,92161516.0,9898145403.74
635,RBY,401.543288,433.862231,373.527953,401.72309,89689836.0,9927709815.0
650,RVN,5.440458,5.784692,5.004303,5.423486,87160936.0,8438306340.4
836,XMG,165.575263,183.80747,151.646106,165.521518,86837617.0,1216985103.0
829,XJO,8.182533,9.741156,7.311824,8.244644,86167524.77,211165021.0
582,PHS,44.611694,50.394953,39.75503,44.555023,86001839.77,146436989.0
268,EDRC,232.530459,277.058239,204.59578,231.30724,85848736.0,209977046605.30002
540,NTY,0.049401,0.055435,0.043974,0.049531,84630227.0,17226154262.440002
789,VRM,1420.307472,1575.910109,1293.43718,1421.564949,84252813.0,2023834775.0
107,BOS,250.763167,289.362167,212.776277,250.332778,81987488.0,46729485147.04
211,CRW,721.15408,787.707431,664.361629,721.25806,78632329.0,11849650297.0
121,BT2,32721.34,37204.89,27612.47,31756.63,78548051.0,67584625465.28
59,AUR,1192.979035,1459.162618,1014.203826,1188.33628,76464636.0,11603759727.0
389,HWC,1259.462734,1386.482369,1049.543613,1241.408027,75764730.0,5186948383.360001
479,MCC,1.852369,2.087441,1.616121,1.76701,71555564.0,16150737703.1
447,LGS,568.29,642.67,508.44,568.51,71328359.0,851715786.22
856,XST,143.334382,159.297538,129.720465,143.442785,68394865.0,3972942478.0
371,HBN,32.636759,37.526551,29.549148,32.623917,67660777.71,432132884.0
488,MINT,0.211222,0.255948,0.173238,0.209748,66467506.0,5117977033.0
556,ONION,905.512913,1007.708787,798.546185,903.865985,65696807.0,6895783461.0
534,NOTE,40.55743,46.205808,34.672727,40.516203,64081127.0,5667436404.48
270,EGC,115.29153,126.706695,106.125646,115.29871,61797885.0,3273286274.1800003
282,ENRG,50.782505,56.305813,46.587083,50.840558,60508620.0,6166437749.0
218,CURE,181.436279,198.351652,166.611631,180.882667,60433951.0,4094616283.0
112,BRK,15817.136499,16291.930393,15248.229377,15862.86839,59608076.0,8492526558.24
743,TRUST,47.596389,52.718145,43.412545,47.612362,59021859.0,1526574059.0
563,ORB,202.136706,223.068257,185.971597,202.124911,57959790.17999999,596338324.0
725,TGC,3.957895,4.631762,3.457728,3.929987,57379641.17999999,82152460593.2
386,HUC,107.520951,120.950143,95.908486,107.055674,57366657.0,1545750136.0
331,GBG,57.577051,64.706163,52.626654,57.428444,57150020.0,147095949542.08002
500,MOON,0.04905405,0.0620189,0.03854109,0.04904691,56001104.0,10993374584.22
332,GBX,3706.193167,4294.732447,3273.515825,3690.557444,55072441.0,3128215902.48
826,XHI,6.119095,7.004101,5.17965,6.037727,54396224.0,1076517075.74
176,CHC,140.900741,172.433485,118.38838,141.0133,54371389.0,2100147047.0
572,PCN,0.05356097,0.06110217,0.04572381,0.05387582,53329221.0,58060773113.94
764,UNIT,189.740407,218.906043,170.495991,190.347913,53219893.0,4230291091.1800003
351,GOLOS,66.004485,73.08679,57.57083,64.451029,52884678.0,16960844696.12
294,ETHD,96.612658,116.49789,80.01428,96.07075,52171935.0,1879330671.18
853,XSH,13.707907,15.509714,11.936734,13.70092,52105423.0,7639299964.96
287,ERC,218.734324,239.713757,203.054986,218.845864,52022451.0,9006244079.98
855,XSPEC,336.658016,376.880534,298.744806,336.099774,51370471.0,6976879817.0
528,NLC2,55.443759,61.43528,49.355346,55.51879,50579604.0,12599581314.7
119,BSR,27.169652,31.062743,22.735476,26.999615,49316348.0,80505215627.76001
613,PTC,20.980678,26.260901,18.746309,20.985057,48983303.0,2541282625.0
387,HUSH,960.392307,1101.109165,851.28277,960.864482,48255081.0,32145423293.800003
434,KST,2.692185,2.960629,2.408954,2.686707,47688114.0,37767878936.48
196,COLX,0.760289,0.859331,0.643557,0.758732,47528365.0,10126697629.32
440,LCC,65.438203,77.607313,53.025296,59.944936,46146781.0,20546405927.440002
749,TUBE,28.013893,30.612372,25.369428,27.785354,46057864.0,4057585850.1400003
727,TIPS,0.017348309,0.02143104,0.014019154,0.017374943,45274338.0,6411724454.0
150,BWK,747.1424939999999,843.031838,660.039049,741.514025,44955768.0,3418334344.2200003
719,TCC,30.177532,33.441437,28.254064,30.047806,44678195.0,6072310118.7
665,SEQ,83.856251,91.471828,77.43714,83.94988,43852526.0,7766047774.84
881,ZOI,259.457922,291.201618,225.12741,258.796236,43802543.0,4375864402.0
590,PLAN,14.337105,15.312377,13.007508,14.120248,43472609.0,6504508692.24
423,KB3,33.408301,45.605275999999996,23.280899,33.046913,43174296.0,24249950901.600002
550,ODN,99.840361,114.140842,86.188455,99.268507,43007283.0,2962943755.48
687,SNRG,607.204984,685.644976,548.324301,606.711084,42586469.0,1927743034.0
3,2GIVE,3.859165,4.282598,3.536739,3.862023,42531867.0,1998887186.0
407,INFX,259.041096,302.89406,230.142325,258.719529,42350686.0,425909363.0
152,BYC,393.271701,433.572059,361.364261,393.008005,42332715.0,668573843.0
594,PND,0.10195723,0.12315717,0.08090683,0.10192979,42051222.0,3309202597.0
601,POSW,101.237478,111.332525,90.318488,101.310964,41173562.0,13376620876.64
78,BDL,45.177523,53.360276999999996,39.456094,45.251198,40734344.0,14009311962.98
708,SUMO,620.40799,709.624429,539.4313,620.472186,40332497.0,1798169341.0
670,SHND,0.015503618,0.020608638,0.012375453,0.015498905,40177306.0,71393202889.16
494,MNX,4864.49,5454.95,4400.31,4859.45,39985500.0,18696173480.66
866,YOC,35.766935,43.373828,29.328042,35.791326,39417236.0,7721735884.02
370,HBC,224.178932,247.279992,185.414018,218.078142,38493784.0,8831945060.9
455,LPC,291.754488,328.401622,262.762032,289.14070399999997,38211755.0,1654763656.7
390,HXX,998.955304,1116.282521,878.447303,999.658865,37241509.0,1634762101.0
108,BOST,64.005214,70.221762,57.865771,63.956653,36649055.0,757531712.0
238,DIME,0.0141034582,0.0180612546,0.0113219289,0.014081368300000001,36602827.0,33423338596.7
160,CASH,4.795751,5.717449,3.842238,4.751034,36377840.0,127062848.0
833,XLR,2446.021761,2765.171299,2165.445785,2453.223979,36111772.0,2532287024.0
303,FAIR,270.118031,296.094951,245.28404700000002,270.273055,34550095.0,14353181369.0
269,EFL,83.290865,91.900048,76.82037,83.270649,34066256.0,1285081889.0
114,BRX,394.347482,434.854096,361.060028,394.199,33682602.0,7889109954.280001
832,XLQ,149.512486,173.735572,126.696852,149.987584,33019704.0,4088762724.48
235,DFT,251.985559,288.843729,216.21707,251.549714,30907561.0,14171269242.960001
490,MLM,5.114933,5.751373,4.444856,5.118751,30429325.0,21217257450.940002
837,XMO,699.77,765.17,646.21,694.71,30335045.0,40004134926.14
264,ECC,0.37590629999999997,0.42485914,0.320381074,0.37682654,29263952.0,15410930473.5
90,BIS,508.473177,574.489229,453.40234,509.952272,28969358.0,4460296085.74
68,BBR,541.999179,623.041887,479.950614,539.834185,28881945.0,5666407154.74
132,BTCZ,1.502805,1.678246,1.338084,1.503361,28740284.0,3183294551.44
261,EAG,221.196477,253.462346,180.315229,214.980891,28640215.0,78517432525.84
278,EMB,0.01470339,0.01880245,0.010662847,0.01497816,28527713.0,47381842893.86
880,ZNY,20.049412,23.466663,16.672778,20.007338999999998,28119521.0,1515834724.0
604,PPY,2689.899949,3039.21,2280.183683,2677.069387,27622531.0,10867306581.48
672,SIC,0.420689,0.495245,0.340613,0.414287,27225017.0,70627876460.16
586,PIRL,220.404982,247.014914,198.3281,220.406169,26520457.0,2700540762.48
802,WHL,36.559647,43.193898,30.996172,36.447058,26111500.0,2182274338.92
310,FLASH,7.889013,9.01411,6.651605,7.862116,25757852.0,52495049417.64
835,XMCC,492.88881299999997,570.788955,440.085206,492.939057,25648527.0,5291095250.1
653,SAGA,549.754194,645.997729,453.084334,541.028991,25545688.0,293808103.0
610,PROC,33.789546,40.171655,27.514861,33.629706,25229184.0,839642331.0
76,BCO,745.963727,816.33688,658.420714,749.600426,25225333.0,20375095831.74
876,ZER,434.312163,502.607154,368.803273,433.733585,23715302.0,820666632.0
844,XPY,359.556465,406.314588,304.143843,350.63358999999997,23648176.0,4693237106.74
854,XSN,60.567852,67.570866,56.958238,60.389981,23272125.0,5357549484.440001
373,HDAC,3.554764,3.759986,3.332371,3.497572,23210136.0,14411427488.92
205,CRDNC,103.531215,128.94359,78.264324,102.217577,23020422.0,592354771.74
597,POLIS,1745.689506,2074.826711,1494.680803,1727.978208,22698907.0,3940451176.92
712,SWTC,1.504517,1.59307,1.374765,1.47315,22076589.0,57397237067.94
204,CRC,973.307998,1171.814131,830.200429,954.777689,21311960.0,760910947.0
233,DEV,334.552272,377.774146,299.82522,334.203558,20896259.0,1919303263.22
291,ESP,0.163841537,0.189458541,0.130360107,0.163839065,20884035.0,41959897092.700005
188,CMPCO,1.994517,2.34183,1.750651,1.997702,20619646.0,3699559070.88
533,NOBL,0.42416,0.50915,0.362273,0.421651,20431749.0,938872744.0
674,SIGT,5.670403,6.556001,4.820831,5.637301,20329628.0,551292665.0
122,BTA,169.400656,192.06603,151.582927,169.369229,20236698.0,841717231.0
432,KRB,260.999165,283.782542,240.660668,260.773819,20202399.0,2352190962.96
57,ATX,2.527941,3.103733,2.115771,2.531604,20128579.06,46251798.0
493,MNTP,335.441866,381.334937,299.357432,332.314753,20074364.0,4015733411.36
265,ECN,4232.63,5459.06,3471.3430399999997,4234.4,20048515.0,15387114538.380001
408,INN,738.744593,839.162639,651.704659,729.456651,19934820.0,1604180893.48
664,SEND,41.001708,46.777733,35.267921,40.945749,19854277.0,6710325877.280001
782,VIVO,963.978084,1123.417075,841.72244,965.9617,19149005.0,883316026.0
505,MSD,4.865809,5.32194,4.018469,4.636717,18939635.0,89947185361.88
561,OPC,2.853654,3.380713,2.366394,2.817561,18737849.0,2992362677.1400003
731,TOA,2.160136,2.350408,1.981558,2.157642,18672492.0,6004765515.66
546,NYC,0.032723788,0.040094184,0.0266211212,0.033114605,18285945.0,4212692487.0
94,BITG,734.02,804.53,676.72,731.8,18068124.0,4401497320.92
698,SPRTS,0.105918429,0.129247844,0.092101654,0.105602821,18033002.0,3400820729.0
141,BTW,15.468903000000001,18.320294999999998,13.049397,15.344677,17641325.0,9209967165.64
778,VIPS,0.069213,0.079658,0.0614,0.068954,17608711.0,36542898392.78
285,EQT,144.77406,171.227384,127.643761,144.837205,17418289.0,6504425943.54
149,BUZZ,0.124862,0.155754,0.095059,0.124761,17225709.0,18810400838.54
340,GIN,823.97,894.79,763.52,819.63,16813169.0,3470728381.1800003
168,CCRB,316.558035,379.38753,248.949511,311.925966,16616366.0,3576049625.1400003
648,RUP,50.855123999999996,58.825231,43.919865,50.969603,16185698.0,14775184551.7
381,HPC,43.906691,53.192321,37.946327,44.065250999999996,16104562.0,829046522.74
181,CJ,0.551116,0.686082,0.45417799999999997,0.551879,15960019.0,2954565891.1400003
558,ONX,19.457898,22.042057,16.754752,19.413121,15920320.0,583090914.0
532,NMS,631.706075,750.866703,534.8876759999999,626.916309,15666827.0,24447821274.52
212,CRYPT,64.116056,73.915779,55.145681,64.401788,15615127.0,40508826673.880005
759,UIS,11.975668,13.766176,10.541816,11.988238,15022157.0,582389922.0
565,OXY,39.837267,44.953273,34.821321,39.596581,14973767.0,11159579595.94
193,CNT,22.06523,25.74051,18.840578,22.134426,14633152.0,1147216992.0
222,DASC,11.328133,12.041776,10.148112,11.236281,14106747.0,32301475406.2
673,SIGMA,13.09711,14.642065,11.431995,12.972113,14042375.0,86717037821.26001
723,TER,59876.327815,83180.233203,40166.95644,55893.227387,14013390.0,109328070605.6
468,MAG,75.999822,91.971909,64.479916,76.478105,13961523.0,1891949567.96
40,ARC,36.849509,42.168048,32.341544,36.799118,13438548.0,890800780.0
334,GCC,10.410868,17.726962,8.304248,10.217373,12949659.0,2411576413.96
469,MAGE,505.636,778.764922,324.492308,399.467017,12947511.0,11652878720.08
634,RBT,11.13226,14.632073,9.063096,12.047149,12801814.0,24150041642.82
55,ATMOS,24.33523,27.682458,21.30631,24.312473,12370151.0,8728237422.24
125,BTBc,6.199234,11.490861,2.139167,3.5893889999999997,12339271.0,81747580066.46
825,XGOX,1.3251,1.5589,1.10816,1.311634,12298570.0,4937229583.84
449,LINX,44.418935,51.494014,38.782887,44.518296,12215414.0,661640683.0
539,NTRN,80.643413,91.714993,69.945515,80.653186,11939026.0,2654455174.0
215,CTC,2.448401,3.228245,2.208099,2.407494,11911945.0,1559115062.44
796,WA,37.029416,40.999292,33.384884,37.198996,11836350.0,168713090775.46
70,BCA,11610.845885,13270.48211,8851.015815,10733.375768,11834022.0,20456811837.02
643,RMC,2903263.5,3187309.6,2580187.61,2898602.04,11504739.0,13155871894.12
857,XSTC,0.321802,0.410917,0.24418600000000001,0.324839,11435125.0,107358834157.68001
2,1337,0.08067661,0.097147,0.06581596,0.08047562,11354938.0,2255768482.48
742,TRUMP,65.362499,77.408106,57.49008,65.389803,11257349.0,7384807385.72
255,DSR,164.576027,201.791209,137.69316,163.87591,11114131.0,11342690736.300001
20,ADC,1.971703,2.254614,1.70995,1.969296,11058458.0,1659425284.0
827,XHV,223.269988,242.422222,200.921462,218.967471,10789070.0,1095369373.48
53,ATC,7.529221,8.752123,6.384438,7.196473,10604415.0,40998026477.1
415,ITI,9561.02,11785.76,8338.44,9570.3,10587447.0,4773927557.32
499,MONK,1477.175015,1698.041399,1289.638067,1470.846865,10526000.0,926657886.0
526,NIX,17.666118,19.965178,15.545106,17.601901,10451712.0,2351422916.1800003
616,PUT,6.922693,8.308356,6.047311,6.928585,10362099.0,4981916393.62
776,VIDZ,1.911595,2.590204,1.583349,1.902165,10222712.0,239406246.0
710,SUPER,11.925195,15.497587,9.138219,11.908079,10128731.0,494433409.0
11,AC3,23.024699000000002,24.595425,21.321979,22.705042,10087083.0,19229007881.24
244,DNR,469.417176,536.191143,418.332065,469.925501,9945144.0,1068477215.0
314,FLT,1.64161,1.871534,1.430103,1.640095,9808562.0,541903941.0
530,NLX,7.284667,8.595935,6.2659270000000005,7.32182,9731175.0,1040195622.22
39,ARB,4.052824,4.873077,3.514188,4.056881,9527037.0,26037618.0
644,RNS,20.701156,24.18311,17.769021,20.729018,9512994.0,1187399571.48
630,RAIN,12.264409,13.933916,10.701706,12.263152999999999,9400776.0,11797225909.82
207,CREVA,9.503726,11.315923,8.532957,9.497767,9357740.0,56099200832.5
297,ETZ,23.43003,25.370225,21.516094,23.092132,9351477.0,28574382090.100002
74,BCI,523.24,564.33,459.433127,501.42,9206218.0,13265206478.380001
203,CRAVE,647.288196,760.748825,548.111599,649.021988,9045291.0,12412007625.300001
275,ELLA,148.765655,166.82946,128.715764,148.72,9034835.0,1178502991.48
606,PRC,5.506139,6.193604,4.729879,5.446955,8900430.0,1545012760.44
841,XPD,5.520587,6.877017,4.596405,5.5359869999999995,8810863.0,351607520.0
777,VIN,0.227809,0.245404,0.20336,0.227083,8685509.0,1092184840.96
732,TOK,216.200679,249.879362,186.222133,215.7234,8640039.0,26366275278.440002
220,CYDER,1.469783,1.972928,1.07307,1.486085,8611461.0,92928860014.76001
701,STAK,385.772788,499.631422,297.235581,391.277286,8099081.0,1086516066.48
478,MAZA,1.0274429999999999,1.491503,0.790826,1.019958,7993623.0,669053555.0
504,MSCN,13.101971,16.325781,11.30804,12.770499,7849086.0,7044680093.72
421,JIYO,18.529123,23.775639,15.403227,18.543761,7838382.0,18947922030.5
357,GRFT,4.06687,4.442228,3.740706,4.042432,7615033.0,2943738895.92
200,COUPE,0.02586,0.034956,0.01806091,0.025673,7608149.0,51437550415.18
392,HYP,2.824713,3.719286,2.513699,2.824809,7588472.0,1872291443.0
153,C2,2.113437,2.408176,1.839755,2.114237,7582785.0,195156687.0
620,PZM,472.994078,510.078199,415.234267,472.137301,7557585.0,23899934814.100002
206,CREA,110.227166,127.4825,95.375862,110.385923,7512047.0,1404470678.0
751,TV,0.846198,0.902513,0.799623,0.855258,7440598.0,3727093316.1000004
84,BIFI,0.442848,0.544676,0.364506,0.441982,7426529.0,15405319039.880001
793,VUC,1.520527,2.148208,1.225458,1.50632,7403468.0,331552733.74
705,STN,59.064785,71.305732,50.107163,58.373776,7306341.0,1356544842.7
349,GOD,7285.85,8171.88,6507.99,7189.38,7225414.0,64354477924.66
747,TTC,0.210452,0.260022,0.170209,0.210414,7220217.0,11445298697.300001
190,CNET,22.108643,25.444948,18.362053,21.37281,7141310.0,29816746528.800003
763,UNIFY,29.521264,34.47152,24.900857,29.539883,7053696.0,516870969.0
266,ECO,210.749473,238.854966,180.805609,205.582101,7047337.0,6048985537.76
29,AKY,49.778335,65.51214,33.849073,45.462741,7029091.0,81747580066.46
374,HEAT,179.505096,208.94571200000001,154.548148,179.24794,6964927.0,55365630338.22
354,GPKR,51.936721,59.36213,40.649821,50.453997,6724514.0,2258677123.66
164,CBC,69.2,71.63,65.85,68.85,6691639.0,3961570903.1000004
496,MOIN,76.058639,88.451438,65.586414,75.978928,6618434.0,559173936.0
625,QNO,6.617515,7.97214,5.2757700000000005,6.594985,6449557.0,3735842499.1000004
95,BITOK,6438.867013,9328.524216,4851.808669,5925.58196,6441784.0,98395263545.04001
694,SPD,133.741143,147.373379,117.664539,132.096423,6401035.0,2387728936.1800003
848,XRH,7.003852,9.150731,5.464325,6.738737,6359438.0,15911007242.36
790,VSX,8.088269,9.464036,6.578249,8.056567,6324188.0,2977703399.1800003
250,DP,34.780912,40.620521,29.966684,34.86934,6315798.0,3841381190.62
525,NIM,0.117028,0.159884,0.108211,0.116216,6275550.0,2420340483.66
627,QTL,25.569156,29.432035,22.842346,25.60961,6228353.0,143631821.0
133,BTDX,121.552965,143.740258,104.234024,120.934376,6220122.0,13257955013.04
335,GCN,0.007421201,0.009754241,0.005689131,0.007522371,6215550.0,1118767916.0
166,CCC,39.956839,46.7,32.318422,36.295988,6177538.0,2484728877.4
396,IC,1421.817055,1665.333133,1204.01715,1395.007837,6169105.0,10006875303.86
439,LBTC,2.741406,3.290088,2.269922,2.742615,6166109.0,304470525.74
757,UCOM,530.573419,583.10864,455.827927,521.666018,6094634.0,16627344756.84
232,DEUS,110.118373,121.209922,99.110949,109.756182,6083078.0,78666480882.84
38,APR,154.447434,179.299613,128.109838,153.299505,6012092.0,2178840720.92
400,ICR,26.31709,28.296385,23.134482,26.222335,6008570.0,12672117274.74
736,TRF,16.192662,18.530469,14.163584,15.963075,5999507.0,5279539700.58
724,TES,11.487985,13.098415,10.000008,11.477422,5945496.0,844310724.0
208,CRM,9.083799,10.448567,7.710556,9.075699,5931874.0,2387829422.92
574,PCS,72.221772,82.13905,63.133659,72.068897,5897307.0,158774175265.86002
34,ANI,1.798663,2.031253,1.586808,1.803101,5734839.0,112316685936.48001
330,GB,20.187224,23.308824,17.383143,20.061433,5732648.0,302052683.0
409,INSN,38.764278,45.183007,32.70091,38.803516,5687839.0,7579939289.72
377,HMC,3.989627,4.581438,3.375178,3.940747,5672802.0,7704139221.940001
231,DERO,215.729032,244.102127,194.511781,214.223381,5643769.0,2008789641.44
10,AC,2.926822,3.513769,2.489742,2.923035,5624015.0,2998460589.0
623,QBIC,391.917032,460.583276,295.870025,359.58783,5589944.0,626629385.48
375,HIGH,0.23616,0.301388,0.163632,0.205162,5579699.0,73796447658.78
454,LOKI,40.131903,43.349661,37.639207,39.806115,5549700.0,2915297028.66
872,ZEIT,0.05492814,0.07146259,0.04203784,0.05483609,5516466.0,1993902572.0
442,LDOGE,0.05864497,0.07395217,0.04390345,0.05832391,5468246.0,8312825413.200001
363,GRWI,411.506253,464.016874,362.82003100000003,410.804553,5448762.0,4920418257.32
858,XTL,0.099051,0.11403,0.088708,0.097797,5334886.0,9875827451.86
288,ERY,10.488677,13.174694,8.780326,10.529382,5328797.0,56799722.0
771,UTC,24.404753,28.241587,20.721634,23.834831,5320916.0,22641494334.86
754,TZC,14.561095,16.671045,12.700777,14.44453,5281293.0,3020003765.1800003
96,BITS,16.803845,19.571543,14.758077,16.811627,5209555.0,358239564.0
286,ERA,6.503625,8.298353,5.446983,6.503416,5085427.0,40327422496.92
309,FJC,0.452203,0.530428,0.387302,0.45291,5039760.0,543671851.0
579,PHO,0.019591316,0.025002847,0.01624542,0.02032217,4909307.0,424449991.0
21,ADCN,49.8564,72.161398,41.915031,49.85372,4901591.0,12665643487.0
599,POP,0.10758575,0.13109611,0.087878,0.10541541,4812529.0,372790663.0
443,LEA,0.218254,0.267817,0.188616,0.218439,4765633.0,72194412.0
224,DAXX,1.640341,2.090498,1.324368,1.618137,4764515.0,1043672396.74
461,LTHN,2.7137379999999998,3.124713,2.316125,2.713101,4736510.0,11364261582.08
460,LTCU,19.810103,24.420846,16.344773,19.792414,4719422.0,18340305.0
875,ZENI,0.922119,1.007666,0.829177,0.920263,4696536.0,2893354762.92
4,42,27917772.46,30918764.82,24231608.76,26934463.1,4603844.0,577566955.0
184,CLO,2.216219,2.402239,2.043715,2.198986,4519581.0,3529001368.1400003
305,FCN,88.002284,104.10601,77.513824,88.20063,4514253.0,519981745.0
6,808,0.327505,0.40779,0.26214432,0.326461,4458352.0,442161283.0
805,WOMEN,1.672133,2.120906,1.358341,1.673605,4441124.0,14947807978.400002
886,ZZC,191.594862,237.843376,156.552327,189.609092,4438107.0,4341848723.58
512,NAMO,0.124051,0.16013,0.094021,0.121109,4429477.0,98146790657.3
272,EL,35.134631,40.265247,30.927869,35.133066,4347535.0,5341164758.8
24,ADZ,30.492287,36.361264,27.276526,30.514255,4315217.0,1113999229.0
564,ORE,427.251511,496.813637,357.554472,414.460977,4226266.0,12663026568.0
60,AV,32.913013,37.688598,28.806116,32.736735,4220921.0,216171412333.80002
514,NANOX,91013049.2,113433893.4,70475403.0,90855378.0,4211658.0,27833799542.88
649,RUPX,27.15652,32.22739,22.858584,27.312944,4160707.0,429596015.0
884,ZUR,1.10233,1.338179,0.932906,1.109088,4127395.0,94626378.0
733,TOKC,0.681915,0.791965,0.584416,0.679921,4072729.0,4046442022.84
850,XRY,19.142006,21.973411,14.11502,17.357495,4024933.0,99886100871.48001
636,RC,181.264426,215.958938,156.129566,181.086964,4020028.0,1515969207.0
56,ATOM,16.697042,20.800587,14.440054,16.69423,3969194.0,214341935.0
820,XCXT,10.582721,13.999621,8.552314,10.554518,3881777.0,425729244.74
388,HVCO,35.148032,41.631096,29.787167,35.284543,3756576.0,52446080.0
437,LANA,0.292063,0.342679,0.247395,0.291513,3708310.0,250378452.0
316,FOR,7.050372,9.551613,5.687816,7.034013,3703345.0,14681733243.44
86,BIO,1.419276,1.548602,1.306462,1.401998,3681930.0,5644965431.8
304,FANS,134.526341,153.055208,113.805026,134.330706,3636327.0,612727980.0
608,PRJ,61.228032,71.194086,48.859287,53.896759,3584249.0,1755172194.18
8,8BIT,169.136521,343.297528,142.803432,168.654125,3576271.0,198778288.0
584,PIGGY,0.757013,1.261652,0.61161,0.757984,3441962.0,368692540.0
799,WBB,439.152204,551.130598,393.852421,438.94212699999997,3397456.0,1000449674.74
787,VPRC,0.04269067,0.06153781,0.03178205,0.04315617,3380257.0,281666737.74
315,FOIN,8527.59,9902.27,7910.0,8478.32,3304789.0,3727093316.1000004
137,BTN,1.720386,1.867254,1.57204,1.713969,3286659.0,2210783152.92
859,XTO,165.052019,183.909298,141.490469,165.691482,3276476.0,5658546553.74
441,LCP,123.985902,155.40695,105.89393,123.128954,3260152.0,373898634.74
118,BSN,0.362051,0.446087,0.281593,0.349589,3239800.0,85226200494.82
37,APL,0.103377,0.118577,0.092509,0.103056,3230922.0,15405319039.880001
506,MSR,71.044903,78.137588,64.407185,69.976134,3134069.0,904211266.48
109,BPL,63.42804,70.411283,55.265475,63.191562,3128504.0,9727323741.16
852,XSG,8.838068,9.671635,7.814364,8.836186,3086141.0,800950792.22
758,UFO,0.413391,0.487275,0.358707,0.412713,3041164.0,1699777043.74
85,BIGUP,0.096016,0.130971,0.072709,0.095873,3017231.0,458808126.74
398,ICOB,0.616418,0.747429,0.523937,0.61636,2997121.0,6773090072.9800005
583,PIE,3.432559,4.174199,2.851033,3.432628,2991629.0,137956260.0
721,TEK,31.677092,36.229388,27.355306,31.383005,2881032.0,257730033.0
600,POST,13.690719,15.424143,12.45241,13.710525,2867007.0,14875645746.66
154,C2P,2.744873,3.198225,2.203896,2.481999,2783606.0,3975566203.84
169,CDM,0.397879,0.436119,0.357204,0.391708,2769335.0,9725554865.86
482,MEDIC,9.199787,10.446004,7.988575,9.156069,2723697.0,6130508631.32
817,XCO,5.363389,6.559763,4.461938,5.361431,2720811.0,66227238.0
254,DSH,16.850330496,20.68933553,14.722604294,16.873777975,2706987.0,12467454549.26
640,RED,2.972719,3.447224,2.60815,2.967223,2697184.0,181346542.0
317,FORK,30.01546,35.384085,26.646551,30.248548,2685062.0,2105007173.92
609,PRN,0.017231,0.024474,0.01109,0.017234,2645310.0,97898317769.56
117,BSM,0.090052,0.118967,0.074977,0.089883,2604661.0,816418902.22
12,ACC,37.61889,44.071565,31.385363,37.591584,2582157.0,35143554845.340004
830,XLC,35.652833,43.729875,28.462285,35.52853,2556976.0,32084612530.72
158,CARBON,0.06644477,0.08526509,0.04822523,0.06635136999999999,2523118.0,1021742120.0
784,VLTC,1.497812,2.124652,1.153396,1.49402,2518321.0,292799434.74
679,SLEVIN,0.274229,0.344324,0.221373,0.275361,2518213.0,2751905512.1400003
219,CXT,6.254517,8.291685,5.150312,6.262402,2485373.0,40549832.0
229,DCY,0.360339,0.430963,0.301411,0.360533,2435088.0,528719234.0
497,MOJO,14.431818,17.60325,12.115257,14.393069,2414939.0,448419211.74
327,FUZZ,8.074465,10.29021,6.518419,8.053835,2380866.0,287218708.74
464,LVPS,16.899548,23.962866,13.066305999999999,16.537618,2351135.0,8108819.0
97,BLAZR,0.891105,1.258727,0.753086,0.888928,2346667.0,130945211838.98001
622,QBC,4.368569,5.466831,3.5673150000000002,4.287276,2336736.0,143435984620.98
573,PCOIN,49.127336,57.113344,43.634965,48.497987,2329853.0,2564228114.4
368,HAL,47.642044,59.28965,40.723008,47.617936,2328431.0,983137956.22
779,VISIO,14.434013,17.927059,11.946986,14.404372,2314843.0,2714276718.92
163,CAZ,2.668698,3.021805,2.360938,2.643818,2314449.0,10217645595.34
508,MTNC,34.15502,39.530054,30.175292,34.156402,2257120.0,13371024411.52
617,PWR,0.02442538,0.029652,0.02078983,0.02387938,2253607.0,23854333832.04
147,BUN,0.0108201308,0.014471228,0.0073105238,0.010786514,2252535.0,2848644792.1800003
274,ELE,14.502144,16.994712,11.856813,14.487154,2246113.0,614588895.74
161,CAT,43.801201999999996,51.559257,37.103091,43.021662,2242045.0,364826778.74
882,ZP,27.883341,30.870199,25.300903,27.584662,2241288.0,9690442621.86
210,CROP,8.692807,9.650903,7.335356,8.176861,2224911.0,38761770487.44
155,CAB,3.785356,4.350822,3.233933,3.805272,2219846.0,288183795.74
101,BLU,2.409728,2.839801,2.088817,2.405122,2219689.0,1380098295.0
253,DRXNE,2.481517,2.990684,2.058027,2.475677,2191309.0,1658615703.44
426,KEK,48.212577,52.550697,43.70113,48.290872,2186980.0,754517977.74
179,CHIPS,86.948502,106.128091,75.115664,87.018292,2175494.0,2752986674.96
378,HNC,6.755329,8.3056,4.95394,6.725734,2168628.0,20888579023.420002
67,BBP,1.06706,1.290677,0.8346,1.039554,2161365.0,509062037.0
16,ACP,7.622903,15.360208,3.771085,7.64225,2156636.0,33070506.0
851,XSD,160.280729,183.925846,132.849552,159.052094,2130894.0,66977108182.18
819,XCT,0.860737,1.084507,0.678576,0.842149,2100620.0,123065175.0
110,BRIA,275.675401,464.943496,227.112829,346.186439,2099715.0,390663528.74
51,ASAFE2,7.424704477,9.84374987,6.199863389,7.505132476,2084696.0,1304345115.7
241,DMB,2.495518,3.061514,1.960741,2.500304,2082362.0,50253303.0
156,CACH,201.146602,235.679634,167.724321,199.69752,2049688.0,15525816638.880001
523,NETKO,90.128836,105.351394,78.501984,90.343782,2044960.0,379240006.0
709,SUP,0.385858,0.476267,0.326125,0.38626699999999997,2029038.0,55906399741.5
329,GAP,12.329073,15.067249,10.896823,12.256489,2022766.0,1123318255.96
191,CNNC,24.58053,34.971534,20.423731,24.611452,2013164.0,309324610.74
359,GRLC,26.250296,32.679948,20.971527,25.466192,2004590.0,1315496080.7
435,KURT,5.377396,6.630098,4.410223,5.364042,1978467.0,17580116195.8
503,MRQ,5.863464,7.356147,4.264718,5.199143,1953499.0,27828963426.88
647,RUNNERS,0.110474,0.132603,0.093814,0.11035,1935670.0,84480781831.6
307,FGC,11.729452,13.167082,10.346343,11.498938,1917795.0,574901735.48
646,RPC,962.917405,1140.463391,767.210853,961.117193,1900432.0,4308507461.58
32,AMS,4.037559,4.73237,3.400372,4.028125,1894703.0,34646595719.86
131,BTCS,23.916431,29.438604,19.8208,23.88386,1890782.0,51282100634.700005
46,ARI,1.209269,1.462687,1.027403,1.217398,1857793.0,203138786.0
807,WSX,7.99403,9.045859,7.09673,8.01728,1856771.0,107490797551.68001
453,LOG,74.794174,79.531586,70.337141,74.885781,1852575.0,600765469.0
475,MARX,0.882442,1.051534,0.761756,0.882635,1845732.0,141629546011.80002
58,AU,4524.250805,6986.63925,4022.800921,4531.631841,1835951.0,2091889290.22
696,SPK,171.471616,209.004209,127.488422,153.334719,1829867.0,39026317136.18
419,JEW,2.919451,3.381682,2.442853,2.835422,1800128.0,10069186399.6
358,GRIM,1.81235,2.374344,1.37074,1.803148,1794544.0,116511850.0
72,BCF,20.407397,24.459273,17.321812,20.378677,1781255.0,134298838615.6
167,CCN,45.627439,52.749619,39.260981,45.535297,1766766.0,208685552.0
283,ENT,64.417869,78.700843,53.814463,64.34639,1759865.0,256330143.0
170,CDN,6.396135,7.137547,5.699148,6.403907,1747347.0,618979701.0
741,TRTT,1.933441,2.201614,1.697336,1.895546,1744583.0,5553973166.280001
14,ACES,0.21977,0.355174,0.14484,0.22026,1736200.0,184863828478.56
879,ZMC,0.050995,0.064453,0.038804,0.051197,1729602.0,279036709.74
511,MXT,468.157728,554.713579,400.166171,469.794495,1715903.0,4798288093.360001
403,IFLT,0.024295,0.03477,0.01716,0.02442,1664996.0,53053430060.14
570,PASL,32.226222,37.472833,28.65075,32.360698,1655471.0,863605105.22
50,ARO,1.484465,1.622448,1.341873,1.474002,1643131.0,850951712.22
277,ELS,2.123971,2.781522,1.678671,2.131157,1617423.0,12234897.0
728,TIT,5.17022,6.218358,4.397982,5.169215,1611294.0,5452481496.54
750,TURBO,0.035582,0.046048,0.029859,0.035507,1602886.0,93177332902.5
259,DUTCH,0.196845,0.235905,0.161002,0.196565,1583346.0,82244525841.94
772,V,1.152476,1.381732,0.985532,1.154525,1577195.0,802267874.74
822,XDNA,13.16157,14.068179,11.959935,12.629887,1563409.0,1257780194.7
36,ANTX,0.057499,0.074431,0.047056,0.058038,1563080.0,110321962156.56
480,MCRN,0.38085,0.566361,0.2579,0.381994,1533726.0,1643053500.44
486,MGM,2.389729,3.479929,1.864354,2.36784,1523778.0,8898776.0
575,PDX,55.6,71.64,45.452177,55.8,1511472.0,7702659519.940001
120,BSTY,9.758557,11.475782,8.597434,9.752179,1499892.0,121198960.0
31,AMMO,1.41215,1.716595,1.199177,1.414197,1499755.0,109833546.0
177,CHEAP,0.179744,0.214872,0.14724500000000001,0.177826,1497543.0,97401371994.08
365,GTM,53.641089,59.87,46.104582,52.258661,1487615.0,8696551070.9
527,NKA,0.081201,0.115291,0.055109,0.081259,1471660.0,906222148.0
684,SMC,14.975365,18.031782,12.855357,14.957819,1463238.0,319611114.0
692,SOON,6.2692499999999995,7.965066,5.297571,6.289785,1462852.0,146358536082.86002
98,BLC,14.988574999999999,17.863399,12.870602,14.927586,1449408.0,167858293.0
666,SFC,2.809162,3.481891,2.362408,2.823639,1446395.0,38037605.0
737,TRI,3002.702676,3497.562796,2573.206254,3002.104968,1439978.0,264970599.0
433,KRONE,7.049424,9.815005,5.747997,7.072939,1425680.0,1771016225.18
344,GLT,3.158539,3.894414,2.691054,3.152147,1382690.0,84818762.0
567,PAK,5.177274,5.931363,4.669505,5.179505,1376619.0,23824859961.3
624,QBT,1.598377,1.953665,1.308818,1.601671,1350689.0,135915268842.78
467,MAC,18.03139,21.450096,15.756663,18.058885,1331074.0,371122439.0
595,PNX,10.647571,14.123525,8.305446,10.649583,1328594.0,26372210699.440002
770,UT,2.970501,3.110952,2.803249,2.971605,1323219.0,2035973281.92
195,COAL,12.754018,15.389,10.759489,12.768685,1317930.0,305840849.74
722,TELL,0.19262216,0.25505097,0.13868047,0.19134365,1302742.0,170452400989.64
414,IRL,3.477448,4.196377,3.004743,3.470698,1302331.0,185410124083.04
780,VITAE,22.082078,24.915236,20.068641,22.95381,1297780.0,6086263024.76
804,WINK,0.306701,0.43038,0.205268,0.307164,1276122.0,93922751565.72
216,CTIC2,0.917087,1.307616,0.721441,0.909271,1275611.0,256429605.74
685,SMLY,0.030476,0.038619,0.02426573,0.030442,1267929.0,789451643.0
621,Q2C,1.098436,1.292084,0.938804,1.09688,1265093.0,270819931.0
189,CMT,46.318343,59.408009,38.800769,46.248467,1264206.0,38265592.0
677,SKR,1.327889,1.607419,1.138357,1.326207,1247924.0,177409641846.36002
691,SONO,659.239603,800.467885,532.680609,656.414695,1247914.0,27682306354.14
91,BIT,10.133610000000001,12.273954,8.21762,10.174095,1247602.0,196045108426.86002
667,SHA,0.739057,0.865273,0.608958,0.73258,1241508.0,112563120453.22
711,SWING,54.6963,65.834136,47.165975,54.49363,1240313.0,139036982.0
252,DRS,0.119407,0.146518,0.093128,0.119347,1231029.0,60969021.0
535,NPW,53.606851999999996,63.186231,46.845899,52.246034,1229582.0,5468881126.54
320,FRN,29.007354,35.693951,24.790393,28.969456,1221202.0,74837345513.74
846,XRA,1.268996,1.437231,1.10296,1.268847,1211807.0,141957119.0
350,GOLF,0.077602,0.09444,0.06298,0.077603,1205228.0,86279814500.78
473,MAR,39.512808,48.062964,33.546206,39.37677,1200085.0,52613688.0
474,MARS,5.125056,6.095954,4.491266,5.12167,1199424.0,2601538349.4
730,TMC,2.043725,2.483996,1.639399,2.0339650000000002,1190139.0,5827516157.02
524,NEVA,29.909139,36.115541,26.622275,29.910819,1190003.0,323044173.74
113,BRO,78.133395,93.914808,66.704616,78.42171,1177664.0,12603335113.26
470,MAGN,166.006248,204.100962,141.672065,164.970441,1174863.0,92183441351.54001
501,MOTO,9.379124,12.63857,6.8814020000000005,9.359478,1170618.0,175563721068.44
465,LWF,4.617808,4.988437,4.214347,4.53403,1169965.0,675835701.74
560,OPAL,17.540168,22.13502,14.707413,17.562683,1156941.0,55396616433.28
645,ROOFS,0.227757,0.283732,0.187947,0.227835,1147820.0,2761946392.1400003
106,BOLI,13.461855,16.314683,11.855137000000001,13.46958,1138750.0,55277969056.28
217,CTL,4.716664,5.768126,4.028918,4.689541,1127031.0,113324098925.44
619,PXI,5.716823,6.793881,4.961791,5.73308,1123046.0,8788833922.9
632,RBIES,19.309098,22.70275,16.444186,19.326724,1122767.0,2420311990.66
843,XPTX,475.971817,559.314589,412.160394,476.220276,1108660.0,285712400.0
111,BRIT,21.738481,31.04804,13.989718,22.239423,1104171.0,450348747.0
353,GP,56.198815,65.167911,48.743716,56.248208,1100172.0,67568209.0
885,ZYD,5.035183,5.778084,4.405069,5.034299,1071424.0,28409746.0
5,611,154.277272,183.803405,130.823451,154.419437,1070909.0,66913499.0
192,CNO,2.117273,2.555716,1.745731,2.071129,1066692.0,135886049059.04001
379,HODL,5.665875,6.76592,4.847911,5.649086,1052031.0,547635485.74
27,AIB,6.787041,8.542176,5.582211,6.810618,1050303.0,240350243326.58002
541,NUKO,18.182253,22.349474999999998,14.687839,18.057659,1049905.0,2389403774.66
406,IMX,0.506406,0.584625,0.427648,0.508229,1041724.0,55559543.0
416,ITZ,20.87484,26.249853,16.83607,20.678351,1029975.0,769695697.22
537,NRO,1.576216,2.02734,1.250788,1.574095,1014069.0,298831668.74
17,ACRE,14.916243,16.599062,12.5125,14.491822,1012867.0,1013563427.96
405,IMS,12.031305,15.280013,9.894302,12.095874,1000542.0,313011735.74
15,ACOIN,57.738474,67.065553,51.124853,57.70682,991746.0,67156769.0
174,CHAN,14.627534,18.266801,12.278347,14.636827,987433.0,3331507178.62
45,ARGUS,10.510063,23.268761,6.397826,10.425132,983543.0,8843266.0
662,SCS,138.244439,161.249764,115.146244,138.069221,982422.0,57136722.0
366,GUN,1.330499,1.522858,1.17161,1.329226,979683.0,261746391.0
41,ARCO,79.532347,93.271618,68.994956,79.650232,979112.0,874325121.22
676,SKC,18.616518,22.038667,16.195792,18.656078,977060.0,248664314958.0
785,VOLT,0.547712,0.643577,0.463845,0.549785,937814.0,8637148.0
0,$$$,1.033684,1.206515,0.907446,1.03204,925501.0,7253051755.46
457,LTB,229.998044,298.756271,190.942932,228.955853,919703.0,146030384.0
393,HYPER,46.889172,52.785168,41.140965,46.857627,912703.0,96059155566.64
720,TCN,1.7930519999999999,1.962446,1.687038,1.83884,888718.0,1739310214.18
430,KOBO,20.856529000000002,26.808718,17.237097,20.99082,886584.0,514463734.0
338,GEERT,2.705155,3.242864,2.248542,2.707632,847234.0,13682099.0
364,GSR,96.535179,116.160318,76.666543,96.48331,847003.0,21621512167.38
518,NCP,0.000904,0.001092,0.000753,0.000878,840370.0,15653791927.62
702,STARS,83.229407,110.150636,59.829594,82.864724,819864.0,11493356440.04
178,CHESS,2.451966,3.029635,2.158518,2.453005,815789.0,132356857.0
104,BNX,0.972864,1.185719,0.8312930000000001,0.972657,808596.0,26879546.0
680,SLG,44.559441,51.297888,39.274238,44.481639,805019.0,1175275177.96
738,TRK,1.825666,2.110094,1.587853,1.826541,804372.0,218989589.0
487,MILO,2.469911,3.457629,1.901904,2.47117,779420.0,770919182.22
427,KLKS,3.094167,3.355431,2.81645,3.08124,776871.0,778580446.22
30,ALL,8.089888,9.97055,6.71377,8.077411,765588.0,50152092.0
418,J,104.877867,131.845344,85.622065,104.637931,765438.0,46728535034.380005
507,MST,93.950085,111.560378,80.481865,93.803245,752318.0,59210558.0
791,VTA,0.17458337,0.23267187,0.13204348,0.17968435,748634.0,15956705224.400002
436,KUSH,28.914621,32.759038,25.4842,28.935313,743940.0,158551328.0
485,MGD,5.406504,5.815303,5.002666,5.335747,741773.0,1725634511.44
452,LOBS,1.14123,1.766102,0.830796,1.148997,736339.0,2242120492.66
690,SONG,1.345782,1.593167,1.108732,1.313077,729396.0,39475398.0
7,888,2.96924,3.629952,2.572086,2.956644,725882.0,132081614.0
248,DON,0.581737,0.674013,0.491502,0.578538,724198.0,118770255307.72
783,VLT,320.404871,379.676871,277.052269,319.144324,719830.0,425414517.74
87,BIP,29.125436,33.774934,25.226126,29.072275,717462.0,1287013374.7
717,TAJ,5.816943,6.830809,5.171269,5.825024,717197.0,296691350.74
82,BERN,1.730997,2.062213,1.469573,1.729104,709066.0,119233292.0
146,BUMBA,3.219361,3.719588,2.775312,3.21443,704068.0,18210878870.02
689,SOIL,11.233497,13.155859,9.687932,11.202139,702540.0,13471780425.960001
559,OOT,8.607868,10.419266,7.094845,8.448438,695925.0,13276544883.220001
545,NYAN,1.016699,1.218402,0.875577,1.005267,694024.0,235908667.0
786,VOT,4.592918,5.515373,3.885334,4.587955,682720.0,345006193.74
883,ZSE,9.879154,12.565577,7.75352,9.514005,675118.0,135666196706.04001
343,GLS,58.076227,70.500023,47.780135,57.410067,670696.0,21648299388.38
88,BIR,3.334319,3.777119,2.7969749999999998,3.141138,665968.0,3727093316.1000004
298,EUC,5.866874,6.986442,4.983376,5.871901,660770.0,71058844.0
399,ICON,40.267629,47.518935,33.277514,40.386988,657091.0,1017678841.96
578,PGN,0.016617,0.018076,0.014586,0.015857,646579.0,14411591363.92
707,STV,14.959545,17.572993,12.970677,14.928192,632904.0,32655739849.940002
459,LTCR,0.693602,0.861675,0.565116,0.69541,629909.0,517880291.48
607,PRIV,2.063853,2.332023,1.718266,2.021829,628151.0,1254593443.7
611,PROUD,52.337466,94.002757,35.56834,52.127603,626405.0,151319988633.66
686,SNO,5.878348,6.7097430000000005,4.862118,5.499137,620983.0,3975566203.84
739,TROLL,0.626784,0.718669,0.5453037,0.627118,618629.0,1108039902.22
472,MAO,33.988756,36.68471,30.676854,33.995374,617874.0,210636917.0
145,BUB,9.790665,11.385499,8.073976,9.39191,614738.0,86717331129.26001
347,GNR,0.48348800000000003,0.54308,0.421799,0.482018,613203.0,1989860121.92
64,BANK,4.355059,5.122311,3.510505,4.342304,612202.0,12934496093.48
380,HONEY,254.005805,339.806524,200.051577,252.911018,610715.0,67933274.0
355,GPL,160.000493,188.796891,141.897867,159.726476,604631.0,23391874277.56
360,GRN,4.219829,4.861987,3.652976,4.12779,602567.0,53949674818.58
240,DLC,9.109004,11.214324,7.785927,9.134872,589439.0,2564291640.4
867,YTN,18.78508,25.757956,14.480036,18.603295,581222.0,4528562960.32
781,VIVID,8.0787,9.517102,6.41817,7.930199,572880.0,14411427488.92
424,KDC,6.139133,6.982169,5.36526,6.051565,568526.0,52198880666.4
693,SPACE,5.499448,6.934493,4.431413,5.513399,565714.0,108887000.0
105,BOAT,1.249013,1.565055,0.998833,1.253024,552293.0,28371623.0
258,DUO,327.208299,392.574026,271.021725,329.667322,546318.0,100727456.0
311,FLAX,8.371634,10.071287,7.191986,8.403738,544440.0,129500753397.54001
300,EVIL,5.534108,6.627923,4.816914,5.528126,537884.0,115799793.0
631,RBBT,0.008579744,0.012534848,0.004787208,0.008591396,531650.0,118036448492.5
81,BENJI,1.593766,1.874075,1.382281,1.593273,524237.0,32180051.0
103,BND,0.56539,0.622143,0.498862,0.552086,519763.0,6721563606.9800005
806,WORM,0.76858,1.066448,0.542195,0.778394,509853.0,3510660323.36
746,TSE,1.749777,2.060463,1.485026,1.746276,506304.0,407811935.74
139,BTQ,5.509777,7.336605,4.537215,5.516027,497580.0,48141260.0
425,KED,6.19694,7.378309,5.382157,6.188596,487531.0,8543373940.16
655,SANDG,3.263061,3.926374,2.671805,3.240583,479935.0,258472421.74
462,LUNA,23.9338,30.046042,19.860183,23.933421,475516.0,1769939483.18
477,MAY,1.665014,2.075173,1.427258,1.666717,471535.0,297754994.74
234,DFS,1.994345,2.553919,1.4839,1.8814710000000001,468716.0,9690442621.86
766,UNRC,0.670017,0.782777,0.557122,0.651875,467581.0,110321962156.56
761,UNI,22.936993,28.706358,18.921356,22.899103,466476.0,1837429473.44
251,DRM,13.044171,15.266979,11.415874,13.037535,454385.0,30989080.0
576,PENG,0.002145,0.002554,0.00194,0.00211,452166.0,761276883.22
659,SC2,0.96701,1.213727,0.822034,0.946937,446634.0,10684334172.82
326,FUNK,0.006421298,0.00807599,0.00533728,0.006377278,423714.0,90733307506.36
605,PR,734.631284,853.766845,626.052022,737.680507,421023.0,2131726690.92
729,TLE,650.110643,1024.671832,484.754669,651.735631,416131.0,105352504401.76001
847,XRE,4.47309,5.201212,3.963411,4.478022,396994.0,3328965480.62
382,HRC,10.849917,12.422355,9.3631,10.497726,391214.0,14411427488.92
589,PLACO,0.377104,0.45218,0.315571,0.378246,375169.0,13243688.0
202,CPN,2.230921,2.626405,1.918891,2.232578,372404.0,43709295.0
471,MANNA,2.702167,3.220635,2.346854,2.701158,359442.0,152929453.0
637,RCN,0.108213,0.124861,0.076686,0.095713,354613.0,152562353141.36002
740,TRTL,0.00249,0.002797,0.002286,0.002501,353190.0,1291584215.7
845,XQN,3.974047,4.703846,3.309733,3.964405,350542.0,134934463830.82
130,BTCR,1.051371,1.251409,0.871402,1.061411,348955.0,27009888847.920002
422,JOBS,0.162404,0.186167,0.138637,0.161355,348468.0,17218586.0
877,ZEST,8.011537,9.683047,7.1192340000000005,8.10479,346372.0,759258959.22
289,ESCO,8.367057,9.050559,7.86016,8.352323,345167.0,13169063050.220001
808,XAP,0.723429,0.814671,0.600721,0.717702,338891.0,6243286624.5
346,GMX,3.005304,4.632542,1.81353,2.813984,337852.0,205984023936.46002
773,VEC2,1.835427,2.202761,1.546109,1.835409,333089.0,17174319075.060001
25,AEG,1.941143,2.260991,1.70227,1.905898,323411.0,17890047917.28
369,HALLO,0.117351,0.141616,0.096289,0.117568,323032.0,117030730125.54001
768,USC,34.33344,42.144725,27.866578,34.353611,318653.0,355114501.0
197,COMP,0.002374,0.002591,0.002199,0.002384,317375.0,10684334172.82
339,GIC,27.858251,30.328391,24.974874,27.5823,309548.0,7718547565.940001
162,CATO,18.91713,21.771433,15.79039,18.522554,308339.0,2496401083.4
762,UNIC,87.311312,98.61290699999999,80.122371,87.438051,301916.0,261477073.0
89,BIRDS,0.098467,0.11952600000000001,0.081327,0.098198,295095.0,99140682208.26001
198,CONX,6.657513,8.099092,5.430119,6.644112,275684.0,4896102.0
397,ICN,4.967548,6.167459,3.922275,4.915471,259240.0,133087871.0
688,SOCC,7.672027,9.802479,6.137451,7.648115,255961.0,10269269.0
598,PONZI,24.921516,28.33997,22.596267,24.827817,249699.0,21256608.0
446,LEVO,1.482031,2.268895,1.0880049999999999,1.453311,245141.0,53176835485.36
873,ZEL,2.175093,2.409222,2.034398,2.189828,242062.0,572532765.48
138,BTPL,10.539688,13.057644,8.345143,10.504808,242037.0,558730222.48
35,ANON,1.434402,1.755453,1.327773,1.484489,241989.0,496945775.48
429,KNC,7974.55,9199.92,6749.53,7935.71,232560.0,16009487.0
633,RBMC,0.050285,0.056658,0.042791,0.049557,229712.0,9193496846.380001
102,BLZ,0.182079,0.213749,0.15851372,0.180244,221425.0,107272608.0
661,SCRT,13.939114,15.260311,12.514413,14.08609,217547.0,7512351899.200001
13,ACED,8.141776,9.20716,7.189097,7.96134,213496.0,1253809075.7
247,DOLLAR,17.112752,19.743787,14.630652,17.103279,212609.0,11954579.0
675,SJW,0.112097,0.126335,0.098524,0.110298,200158.0,55162339743.28
187,CMM,0.533618,0.670504,0.452702,0.532663,198176.0,4482898239.32
811,XBI,3.553063,4.118673,3.061313,3.592908,197382.0,7712625015.940001
171,CF,18.157421,20.970837,16.401202,17.97668,196956.0,23857609.0
49,ARLIZE,0.014745,0.016134,0.013375,0.014925,186546.0,11429752836.04
290,ESN,2.6134399999999998,3.033677,2.5290529999999998,2.715538,185617.0,6708767968.9800005
79,BEET,0.060493,0.089408,0.045717,0.062148999999999996,183065.0,1001155557.96
420,JIN,7.335732,8.383349,5.942286,7.385953,183020.0,321072032.74
271,EGEM,1.395533,1.68164,1.26963,1.415158,182803.0,2992699581.88
660,SCR,13.884695,16.046278,11.267509,13.905058,180759.0,4776942471.32
115,BSC,2.770793,3.099897,2.51834,2.774875,175129.0,15273165.0
652,RYO,9.284727,10.012884,8.468501999999999,9.153573,174551.0,3266343135.62
172,CFC,0.382773,0.425394,0.350846,0.382776,170380.0,55162724297.28
128,BTCN,1.209189,1.712418,0.9504509999999999,1.217482,169485.0,508139440.48
226,DBTC,2.562821,3.090068,2.046749,2.554529,167888.0,294454643.74
592,PLNC,1.916474,2.268107,1.658198,1.917897,167789.0,27366146.0
536,NRG,11.457006,12.259164,10.815167,11.491345,167288.0,3264649970.62
61,AXIOM,6.243272,6.631578,5.85951,6.202799,165607.0,121753306621.6
80,BEN,0.722372,0.830392,0.677369,0.732869,162424.0,997602469.96
577,PEX,6.937956,8.193569,5.769152,6.541679,156535.0,13510585.0
864,XXX,0.846195,0.951806,0.746604,0.834132,155048.0,14164476385.18
794,VULC,0.290968,0.340827,0.261653,0.293274,140602.0,2008637824.92
143,BTXC,2.529275,2.807124,2.034312,2.488154,133794.0,1989539061.92
815,XCG,3.121073,3.629992,2.7896739999999998,3.166856,132980.0,503944739.48
641,RICHX,2.495712,2.725609,2.325824,2.499972,132013.0,176415750295.4
245,DNZ,3.785629,4.593584,2.198447,3.40185,131563.0,7702659519.940001
538,NSD,3.400153,3.64657,3.0806430000000002,3.371989,130680.0,800217339.22
199,COTN,7.406217,9.322655,5.2743139999999995,7.120137,128961.0,9193496846.380001
615,PUREX,5.332577,5.833379,4.812674,5.300159,127663.0,10452730965.08
554,OMC,70.363868,81.896365,63.058626,70.318443,125429.0,142374964675.02002
173,CFL,0.065649,0.068844,0.051805,0.063608,117786.0,250047164.74
341,GIO,0.029014,0.030591,0.026976,0.028989,117195.0,12920590162.48
718,TALK,3.88912,4.695873,3.233507,3.883188,115902.0,1247226876.96
663,SEM,24.899289,31.8891,22.472046,24.94329,115293.0,2145685783.92
28,AKA,2.380343,2.597961,2.222924,2.372582,112388.0,1023916312.96
23,ADN,0.21540800000000002,0.257465,0.148545,0.186441,104380.0,2237193938.66
591,PLC,0.594182,0.697027,0.517533,0.583728,97164.0,1516949218.44
580,PHON,6.95,9.61,4.359999999999999,6.01,94337.0,496945775.48
752,TWIST,0.107024,0.115965,0.098228,0.106849,93347.0,9690442621.86
345,GMCN,2.343484,2.805772,1.909219,2.298622,86440.0,4725971503.06
69,BBS,0.000117,0.000176,9.1e-05,0.000128,75522.0,1993043981.92
66,BBK,0.203123,0.23783,0.18166,0.204795,70988.0,999672154.96
812,XBTC21,58.362477,66.65617400000001,51.012754,58.390603,70721.0,46158309.0
502,MRI,1.8592790000000001,2.573096,1.528457,1.809415,68459.0,5217930642.54
547,NYEX,0.174484,0.200737,0.14749299999999999,0.173565,66851.0,2983810097.88
299,EUNO,1.216004,1.604152,1.064919,1.218708,63188.0,999847666.96
93,BITF,1.429467,1.819493,1.014722,1.472384,60927.0,250871862.74
395,IBANK,1.9392,2.107316,1.726003,1.92903,55519.0,754187599.22
376,HIGHT,0.006032,0.008445,0.004116,0.005619,54047.0,12672117274.74
870,ZCR,3.827678,4.358817,3.436887,3.86576,53454.0,3731197394.1000004
612,PRTX,0.890232,1.025974,0.791908,0.868457,52653.0,1496439720.44
312,FLM,0.32617999999999997,0.42612,0.281588,0.326337,52255.0,1492473868.44
466,LYNX,0.000573,0.000642,0.000519,0.000579,49973.0,11434918899.04
123,BTAD,0.543542,0.620521,0.446728,0.529451,45648.0,3478620428.36
257,DTEM,5.693976,6.560291,4.895193,5.662359,45472.0,755130956.22
517,NBR,0.10765,0.11523,0.09994,0.10812,40806.0,1997661482.92
868,ZBA,0.5816870000000001,0.826415,0.413822,0.585565,40774.0,499527645.48
209,CROAT,0.361834,0.413344,0.295269,0.353864,38685.0,2246109668.66
562,OPCX,0.141574,0.167003,0.128474,0.13976,38684.0,6217074818.5
47,ARION,0.628531,0.714947,0.563147,0.633037,35287.0,3729485788.1000004
814,XCASH,0.000114,0.000157,0.0001,0.00013,34667.0,993891550.96
745,TSC,0.017582,0.023908,0.014401,0.017417,33660.0,3231492242.62
384,HTH,0.011754,0.014525999999999999,0.010223,0.01214,30960.0,1244573073.7
151,BWS,0.107698,0.131332,0.086269,0.106763,30322.0,2740652950.1400003
484,MERO,1.765869,2.134199,1.296096,1.657275,24778.0,11429752836.04
135,BTI,0.483415,0.548758,0.332519,0.48497,22161.0,3755775348.1000004
43,AREPA,0.139897,0.175086,0.119647,0.143763,22060.0,7206828365.46
159,CARE,0.139464,0.231072,0.069421,0.161059,18459.0,1007061290.96
361,GRPH,0.763202,0.931647,0.563407,0.748429,18020.0,3479790935.36
668,SHARD,0.270658,0.344366,0.226291,0.277553,16523.0,993891550.96
593,PLURA,0.001237,0.0019160000000000002,0.000918,0.001437,15928.0,1739310214.18
404,IFP,0.327279,0.422491,0.247619,0.312002,15777.0,11181279948.300001
492,MNP,0.640555,0.7373069999999999,0.5812550000000001,0.6619280000000001,13447.0,496945775.48
321,FRRN,0.183025,0.25233500000000003,0.12619,0.169146,12210.0,12175171499.26
239,DIN,0.212515,0.262719,0.168435,0.217187,10380.0,995040486.96
413,IQ,0.521259,0.62056,0.448761,0.510491,9916.0,746436018.22
214,CSTL,0.276696,0.320158,0.21954,0.27292,8812.0,2484728877.4
221,DACH,0.204335,0.205732,0.130104,0.173876,7778.0,496945775.48
861,XUN,0.03687,0.042883,0.032355,0.036653,7623.0,5495184638.280001
553,OLMP,0.011848000000000001,0.016164,0.009422,0.011571,7007.0,3478620428.36
767,URALS,0.020789000000000002,0.039648,0.017402,0.02106,4598.0,2236285948.66
62,AZART,0.013261,0.016098,0.01324,0.016017,3654.0,248472887.74
276,ELLI,0.048947,0.066642,0.036326,0.051489,3176.0,3478620428.36
180,CIF,0.020584,0.023788,0.016623,0.021333,2955.0,3975566203.84
352,GOSS,0.002914,0.004155,0.002198,0.003108,2244.0,993891550.96
571,PAXEX,0.044536,0.053951,0.040461,0.044893,789.0,993891550.96
