Location IP,Collection Time,Location,Status,HTTP Status Code,DNS Response Time (ms),SSL Handshake Time (ms),Connection Time (ms),Response Time (ms),Content Length (B),Resolved IP,Reason
43.133.98.45,February 23 2023 10:10:13 AM ICT,Bangkok - TH,Up,200,1,49,21,116,24122,13.107.238.48,-
43.225.142.155,February 23 2023 10:04:55 AM ICT,Bangkok - TH,Up,200,170,58,33,296,24122,13.107.237.68,-
43.225.142.155,February 23 2023 9:59:42 AM ICT,Bangkok - TH,Up,200,1001,63,26,1126,24122,13.107.238.59,-
43.225.142.155,February 23 2023 9:54:26 AM ICT,Bangkok - TH,Up,200,121,59,25,245,24122,13.107.238.59,-
43.225.142.155,February 23 2023 9:49:09 AM ICT,Bangkok - TH,Up,200,842,57,26,961,24122,13.107.238.59,-
43.225.142.155,February 23 2023 9:43:50 AM ICT,Bangkok - TH,Up,200,1002,59,23,1141,24122,13.107.238.59,-
43.225.142.155,February 23 2023 9:38:41 AM ICT,Bangkok - TH,Up,200,121,14,6,177,24122,13.107.238.59,-
43.225.142.155,February 23 2023 9:33:26 AM ICT,Bangkok - TH,Up,200,70,16,76,242,24122,13.107.237.59,-
43.225.142.155,February 23 2023 9:28:09 AM ICT,Bangkok - TH,Up,200,73,26,5,149,24122,13.107.237.59,-
43.225.142.155,February 23 2023 9:22:56 AM ICT,Bangkok - TH,Up,200,69,17,5,174,24122,13.107.237.59,-
43.225.142.155,February 23 2023 9:17:42 AM ICT,Bangkok - TH,Up,200,177,14,6,279,24122,13.107.237.59,-
43.225.142.155,February 23 2023 9:12:19 AM ICT,Bangkok - TH,Up,200,72,14,5,124,24122,13.107.237.59,-
43.225.142.155,February 23 2023 9:07:03 AM ICT,Bangkok - TH,Up,200,73,16,6,177,24122,13.107.238.59,-
43.225.142.155,February 23 2023 9:01:46 AM ICT,Bangkok - TH,Up,200,932,62,26,1057,24122,13.107.238.59,-
43.225.142.155,February 23 2023 8:56:27 AM ICT,Bangkok - TH,Up,200,928,61,27,1053,24122,13.107.237.59,-
43.225.142.155,February 23 2023 8:51:16 AM ICT,Bangkok - TH,Up,200,35,14,4,137,24122,13.107.238.59,-
43.225.142.155,February 23 2023 8:46:00 AM ICT,Bangkok - TH,Up,200,92,69,25,224,24122,13.107.238.59,-
43.225.142.155,February 23 2023 8:40:47 AM ICT,Bangkok - TH,Up,200,67,22,4,126,24122,13.107.237.59,-
43.225.142.155,February 23 2023 8:35:27 AM ICT,Bangkok - TH,Up,200,39,14,4,138,24122,13.107.237.59,-
43.225.142.155,February 23 2023 8:30:07 AM ICT,Bangkok - TH,Up,200,173,17,5,276,24122,13.107.237.48,-
43.225.142.155,February 23 2023 8:24:42 AM ICT,Bangkok - TH,Up,200,35,15,8,90,24122,13.107.238.59,-
43.225.142.155,February 23 2023 8:19:27 AM ICT,Bangkok - TH,Up,200,35,60,26,160,24122,13.107.237.59,-
43.133.98.45,February 23 2023 8:14:05 AM ICT,Bangkok - TH,Up,200,267,11,2,312,24122,13.107.238.59,-
43.133.98.45,February 23 2023 8:08:52 AM ICT,Bangkok - TH,Up,200,32,58,22,144,24122,13.107.238.59,-
43.133.98.45,February 23 2023 8:03:35 AM ICT,Bangkok - TH,Up,200,101,80,2,268,24122,13.107.238.59,-
43.133.98.45,February 23 2023 7:58:02 AM ICT,Bangkok - TH,Up,200,125,415,22,594,24122,13.107.238.59,-
43.225.142.155,February 23 2023 7:52:48 AM ICT,Bangkok - TH,Up,200,203,60,26,331,24122,13.107.237.68,-
43.133.98.45,February 23 2023 7:47:31 AM ICT,Bangkok - TH,Up,200,29,52,22,156,24122,13.107.238.59,-
43.225.142.155,February 23 2023 7:42:11 AM ICT,Bangkok - TH,Up,200,1001,15,5,1103,24122,13.107.237.59,-
43.225.142.155,February 23 2023 7:36:55 AM ICT,Bangkok - TH,Up,200,152,71,25,283,24122,13.107.238.59,-
43.133.98.45,February 23 2023 7:31:31 AM ICT,Bangkok - TH,Up,200,76,408,144,751,24122,13.107.238.59,-
43.225.142.155,February 23 2023 7:26:10 AM ICT,Bangkok - TH,Up,200,1000,16,7,1110,24122,13.107.238.59,-
43.225.142.155,February 23 2023 7:20:56 AM ICT,Bangkok - TH,Up,200,64,15,4,114,24122,13.107.238.59,-
43.225.142.155,February 23 2023 7:15:41 AM ICT,Bangkok - TH,Up,200,1001,60,25,1169,24122,13.107.237.59,-
43.225.142.155,February 23 2023 7:10:23 AM ICT,Bangkok - TH,Up,200,63,56,25,181,24122,13.107.237.59,-
43.225.142.155,February 23 2023 7:05:02 AM ICT,Bangkok - TH,Up,200,64,59,25,184,24122,13.107.238.59,-
43.225.142.155,February 23 2023 6:58:23 AM ICT,Bangkok - TH,Up,200,978,60,25,1098,24122,13.107.238.48,-
43.225.142.155,February 23 2023 6:53:10 AM ICT,Bangkok - TH,Up,200,67,96,56,267,24122,13.107.238.59,-
43.225.142.155,February 23 2023 6:47:32 AM ICT,Bangkok - TH,Up,200,1016,15,8,1120,24122,13.107.238.59,-
43.225.142.155,February 23 2023 6:42:17 AM ICT,Bangkok - TH,Up,200,70,54,26,197,24122,13.107.237.59,-
43.225.142.155,February 23 2023 6:37:01 AM ICT,Bangkok - TH,Up,200,69,14,4,194,24122,13.107.237.59,-
43.133.98.45,February 23 2023 6:31:45 AM ICT,Bangkok - TH,Up,200,85,38,4,211,24122,13.107.238.48,-
43.133.98.45,February 23 2023 6:26:30 AM ICT,Bangkok - TH,Up,200,42,14,19,181,24122,13.107.237.59,-
43.225.142.155,February 23 2023 6:21:09 AM ICT,Bangkok - TH,Up,200,153,13,3,255,24122,13.107.238.59,-
43.225.142.155,February 23 2023 6:15:53 AM ICT,Bangkok - TH,Up,200,154,58,26,284,24122,13.107.237.59,-
43.133.98.45,February 23 2023 6:10:38 AM ICT,Bangkok - TH,Up,200,39,32,5,185,24122,13.107.238.59,-
43.225.142.155,February 23 2023 6:05:12 AM ICT,Bangkok - TH,Up,200,1,12,4,97,24122,13.107.238.59,-
43.133.98.45,February 23 2023 5:59:55 AM ICT,Bangkok - TH,Up,200,81,69,21,254,24122,13.107.237.48,-
43.225.142.155,February 23 2023 5:54:39 AM ICT,Bangkok - TH,Up,200,197,15,5,302,24122,13.107.237.59,-
43.225.142.155,February 23 2023 5:49:22 AM ICT,Bangkok - TH,Up,200,64,60,25,223,24122,13.107.237.59,-
43.225.142.155,February 23 2023 5:44:04 AM ICT,Bangkok - TH,Up,200,63,70,40,253,24122,13.107.237.59,-
43.133.98.45,February 23 2023 5:38:36 AM ICT,Bangkok - TH,Up,200,616,73,70,881,24122,13.107.237.59,-
43.225.142.155,February 23 2023 5:33:17 AM ICT,Bangkok - TH,Up,200,155,38,4,277,24122,13.107.237.59,-
43.225.142.155,February 23 2023 5:28:00 AM ICT,Bangkok - TH,Up,200,80,14,6,183,24122,13.107.237.68,-
43.133.98.45,February 23 2023 5:22:43 AM ICT,Bangkok - TH,Up,200,79,54,22,210,24122,13.107.238.48,-
43.225.142.155,February 23 2023 5:17:23 AM ICT,Bangkok - TH,Up,200,40,19,9,150,24122,13.107.238.59,-
43.225.142.155,February 23 2023 5:12:05 AM ICT,Bangkok - TH,Up,200,6,61,26,181,24122,13.107.238.59,-
43.133.98.45,February 23 2023 5:06:48 AM ICT,Bangkok - TH,Up,200,65,54,22,227,24122,13.107.238.59,-
43.133.98.45,February 23 2023 5:01:33 AM ICT,Bangkok - TH,Up,200,80,62,22,198,24122,13.107.238.68,-
43.225.142.155,February 23 2023 4:56:07 AM ICT,Bangkok - TH,Up,200,66,57,25,184,24122,13.107.237.59,-
43.133.98.45,February 23 2023 4:50:46 AM ICT,Bangkok - TH,Up,200,33,14,2,126,24122,13.107.237.59,-
43.225.142.155,February 23 2023 4:45:27 AM ICT,Bangkok - TH,Up,200,153,56,24,314,24122,13.107.238.59,-
43.225.142.155,February 23 2023 4:40:14 AM ICT,Bangkok - TH,Up,200,38,56,24,194,24122,13.107.238.59,-
43.225.142.155,February 23 2023 4:34:58 AM ICT,Bangkok - TH,Up,200,70,67,26,254,24122,13.107.237.59,-
43.225.142.155,February 23 2023 4:29:37 AM ICT,Bangkok - TH,Up,200,41,110,25,244,24122,13.107.237.59,-
43.225.142.155,February 23 2023 4:24:20 AM ICT,Bangkok - TH,Up,200,33,62,30,210,24122,13.107.237.59,-
43.225.142.155,February 23 2023 4:19:01 AM ICT,Bangkok - TH,Up,200,35,20,6,171,24122,13.107.238.59,-
43.225.142.155,February 23 2023 4:13:46 AM ICT,Bangkok - TH,Up,200,36,58,25,154,24122,13.107.237.59,-
43.225.142.155,February 23 2023 4:08:25 AM ICT,Bangkok - TH,Up,200,55,13,3,151,24122,13.107.237.59,-
43.225.142.155,February 23 2023 4:03:02 AM ICT,Bangkok - TH,Up,200,67,204,26,357,24122,13.107.238.59,-
43.225.142.155,February 23 2023 3:57:42 AM ICT,Bangkok - TH,Up,200,33,57,24,194,24122,13.107.238.59,-
43.225.142.155,February 23 2023 3:52:32 AM ICT,Bangkok - TH,Up,200,41,47,40,241,24122,13.107.237.59,-
43.225.142.155,February 23 2023 3:47:09 AM ICT,Bangkok - TH,Up,200,157,60,25,333,24122,13.107.237.59,-
43.225.142.155,February 23 2023 3:41:43 AM ICT,Bangkok - TH,Up,200,65,13,5,170,24122,13.107.238.59,-
43.225.142.155,February 23 2023 3:36:24 AM ICT,Bangkok - TH,Up,200,72,19,6,178,24122,13.107.237.59,-
43.225.142.155,February 23 2023 3:31:03 AM ICT,Bangkok - TH,Up,200,1001,59,26,1170,24122,13.107.238.59,-
43.225.142.155,February 23 2023 3:25:36 AM ICT,Bangkok - TH,Up,200,2,16,18,116,24122,13.107.237.59,-
43.225.142.155,February 23 2023 3:20:17 AM ICT,Bangkok - TH,Up,200,38,19,6,145,24122,13.107.238.59,-
43.225.142.155,February 23 2023 3:14:56 AM ICT,Bangkok - TH,Up,200,65,13,4,195,24122,13.107.238.59,-
43.225.142.155,February 23 2023 3:09:35 AM ICT,Bangkok - TH,Up,200,65,16,5,168,24122,13.107.237.59,-
43.225.142.155,February 23 2023 3:04:16 AM ICT,Bangkok - TH,Up,200,68,59,26,238,24122,13.107.238.59,-
43.225.142.155,February 23 2023 2:58:55 AM ICT,Bangkok - TH,Up,200,125,58,25,289,24122,13.107.237.59,-
43.225.142.155,February 23 2023 2:53:28 AM ICT,Bangkok - TH,Up,200,3,58,28,126,24122,13.107.237.59,-
43.133.98.45,February 23 2023 2:48:07 AM ICT,Bangkok - TH,Up,200,33,161,2,278,24122,13.107.238.59,-
43.133.98.45,February 23 2023 2:42:46 AM ICT,Bangkok - TH,Up,200,305,63,54,458,24122,13.107.237.59,-
43.225.142.155,February 23 2023 2:37:28 AM ICT,Bangkok - TH,Up,200,64,54,26,190,24122,13.107.238.59,-
43.225.142.155,February 23 2023 2:32:07 AM ICT,Bangkok - TH,Up,200,5,15,5,134,24122,13.107.238.59,-
43.225.142.155,February 23 2023 2:26:45 AM ICT,Bangkok - TH,Up,200,65,55,25,194,24122,13.107.237.59,-
43.225.142.155,February 23 2023 2:21:22 AM ICT,Bangkok - TH,Up,200,121,14,5,224,24122,13.107.237.59,-
43.225.142.155,February 23 2023 2:15:55 AM ICT,Bangkok - TH,Up,200,66,58,25,230,24122,13.107.237.59,-
43.225.142.155,February 23 2023 2:10:37 AM ICT,Bangkok - TH,Up,200,69,59,30,196,24122,13.107.237.59,-
43.225.142.155,February 23 2023 2:05:17 AM ICT,Bangkok - TH,Up,200,116,14,4,166,24122,13.107.237.48,-
43.225.142.155,February 23 2023 2:00:00 AM ICT,Bangkok - TH,Up,200,64,56,25,196,24122,13.107.237.59,-
43.225.142.155,February 23 2023 1:54:41 AM ICT,Bangkok - TH,Up,200,1004,28,7,1076,24122,13.107.238.59,-
43.225.142.155,February 23 2023 1:49:21 AM ICT,Bangkok - TH,Up,200,68,59,25,234,24122,13.107.237.59,-
43.133.98.45,February 23 2023 1:44:08 AM ICT,Bangkok - TH,Up,200,81,96,25,260,24122,13.107.237.48,-
43.225.142.155,February 23 2023 1:38:44 AM ICT,Bangkok - TH,Up,200,73,55,24,215,24122,13.107.237.59,-
43.225.142.155,February 23 2023 1:33:26 AM ICT,Bangkok - TH,Up,200,68,16,6,173,24122,13.107.238.59,-
43.225.142.155,February 23 2023 1:28:05 AM ICT,Bangkok - TH,Up,200,122,22,8,185,24122,13.107.238.59,-
43.225.142.155,February 23 2023 1:22:43 AM ICT,Bangkok - TH,Up,200,36,57,25,226,24122,13.107.238.59,-
43.225.142.155,February 23 2023 1:17:21 AM ICT,Bangkok - TH,Up,200,31,59,25,151,24122,13.107.238.59,-
43.133.98.45,February 23 2023 1:12:04 AM ICT,Bangkok - TH,Up,200,223,90,22,423,24122,13.107.237.68,-
43.225.142.155,February 23 2023 1:06:43 AM ICT,Bangkok - TH,Up,200,63,57,26,245,24122,13.107.238.59,-
43.225.142.155,February 23 2023 1:01:25 AM ICT,Bangkok - TH,Up,200,156,17,5,211,24122,13.107.238.59,-
43.133.98.45,February 23 2023 12:55:58 AM ICT,Bangkok - TH,Up,200,81,68,22,244,24122,13.107.237.68,-
43.225.142.155,February 23 2023 12:50:34 AM ICT,Bangkok - TH,Up,200,2,59,25,123,24122,13.107.237.59,-
43.133.98.45,February 23 2023 12:45:09 AM ICT,Bangkok - TH,Up,200,32,10,2,123,24122,13.107.238.59,-
43.133.98.45,February 23 2023 12:39:43 AM ICT,Bangkok - TH,Up,200,29,16,2,128,24122,13.107.237.59,-
43.133.98.45,February 23 2023 12:34:21 AM ICT,Bangkok - TH,Up,200,29,11,2,123,24122,13.107.238.59,-
43.225.142.155,February 23 2023 12:28:55 AM ICT,Bangkok - TH,Up,200,65,56,24,181,24122,13.107.237.59,-
43.225.142.155,February 23 2023 12:23:39 AM ICT,Bangkok - TH,Up,200,65,58,25,185,24122,13.107.237.59,-
43.133.98.45,February 23 2023 12:18:21 AM ICT,Bangkok - TH,Up,200,28,57,21,217,24122,13.107.237.59,-
43.225.142.155,February 23 2023 12:13:02 AM ICT,Bangkok - TH,Up,200,63,12,4,113,24122,13.107.237.59,-
43.225.142.155,February 23 2023 12:07:43 AM ICT,Bangkok - TH,Up,200,77,66,27,210,24122,13.107.237.59,-
43.225.142.155,February 23 2023 12:02:25 AM ICT,Bangkok - TH,Up,200,48,77,27,212,24122,13.107.237.59,-
43.133.98.45,February 22 2023 11:57:02 PM ICT,Bangkok - TH,Up,200,1,8,1,89,24122,13.107.237.59,-
43.133.98.45,February 22 2023 11:51:46 PM ICT,Bangkok - TH,Up,200,82,9,1,122,24122,13.107.238.68,-
43.133.98.45,February 22 2023 11:46:29 PM ICT,Bangkok - TH,Up,200,82,54,22,192,24122,13.107.237.68,-
43.225.142.155,February 22 2023 11:41:10 PM ICT,Bangkok - TH,Up,200,64,14,4,117,24122,13.107.237.59,-
43.133.98.45,February 22 2023 11:35:46 PM ICT,Bangkok - TH,Up,200,82,10,2,125,24122,13.107.238.48,-
43.225.142.155,February 22 2023 11:30:24 PM ICT,Bangkok - TH,Up,200,890,15,6,993,24122,13.107.238.48,-
43.225.142.155,February 22 2023 11:24:15 PM ICT,Bangkok - TH,Up,200,69,61,27,202,24122,13.107.238.59,-
43.133.98.45,February 22 2023 11:19:00 PM ICT,Bangkok - TH,Up,200,29,8,1,68,24122,13.107.237.59,-
43.225.142.155,February 22 2023 11:13:38 PM ICT,Bangkok - TH,Up,200,33,15,5,85,24122,13.107.237.59,-
43.225.142.155,February 22 2023 11:08:19 PM ICT,Bangkok - TH,Up,200,65,11,3,195,24122,13.107.238.59,-
43.225.142.155,February 22 2023 11:02:59 PM ICT,Bangkok - TH,Up,200,97,57,24,215,24122,13.107.237.59,-
43.133.98.45,February 22 2023 10:57:37 PM ICT,Bangkok - TH,Up,200,29,18,3,148,24122,13.107.237.59,-
43.225.142.155,February 22 2023 10:52:17 PM ICT,Bangkok - TH,Up,200,64,56,24,180,24122,13.107.238.59,-
43.133.98.45,February 22 2023 10:46:55 PM ICT,Bangkok - TH,Up,200,82,9,2,124,24122,13.107.238.48,-
43.133.98.45,February 22 2023 10:41:35 PM ICT,Bangkok - TH,Up,200,83,19,2,135,24122,13.107.238.48,-
43.225.142.155,February 22 2023 10:36:08 PM ICT,Bangkok - TH,Up,200,32,58,25,155,24122,13.107.238.59,-
43.133.98.45,February 22 2023 10:30:48 PM ICT,Bangkok - TH,Up,200,82,59,22,198,24122,13.107.237.59,-
43.133.98.45,February 22 2023 10:25:23 PM ICT,Bangkok - TH,Up,200,29,54,21,136,24122,13.107.237.59,-
43.225.142.155,February 22 2023 10:20:03 PM ICT,Bangkok - TH,Up,200,91,11,3,188,24122,13.107.237.68,-
43.225.142.155,February 22 2023 10:14:46 PM ICT,Bangkok - TH,Up,200,203,59,27,325,24122,13.107.238.68,-
43.133.98.45,February 22 2023 10:09:02 PM ICT,Bangkok - TH,Up,200,81,55,22,225,24122,13.107.237.48,-
43.225.142.155,February 22 2023 10:03:44 PM ICT,Bangkok - TH,Up,200,2,59,24,122,24122,13.107.238.48,-
43.133.98.45,February 22 2023 9:58:25 PM ICT,Bangkok - TH,Up,200,4,71,29,142,24122,13.107.238.68,-
43.225.142.155,February 22 2023 9:53:06 PM ICT,Bangkok - TH,Up,200,95,13,4,190,24122,13.107.237.59,-
43.225.142.155,February 22 2023 9:47:46 PM ICT,Bangkok - TH,Up,200,157,17,5,215,24122,13.107.238.59,-
43.225.142.155,February 22 2023 9:42:31 PM ICT,Bangkok - TH,Up,200,66,17,5,173,24122,13.107.237.59,-
43.133.98.45,February 22 2023 9:37:08 PM ICT,Bangkok - TH,Up,200,82,12,1,195,24122,13.107.238.59,-
43.133.98.45,February 22 2023 9:31:41 PM ICT,Bangkok - TH,Up,200,83,64,23,205,24122,13.107.238.59,-
43.225.142.155,February 22 2023 9:26:17 PM ICT,Bangkok - TH,Up,200,148,13,3,196,24122,13.107.238.68,-
43.225.142.155,February 22 2023 9:20:50 PM ICT,Bangkok - TH,Up,200,70,15,5,175,24122,13.107.237.59,-
43.225.142.155,February 22 2023 9:15:20 PM ICT,Bangkok - TH,Up,200,69,15,4,122,24122,13.107.238.59,-
43.225.142.155,February 22 2023 9:09:54 PM ICT,Bangkok - TH,Up,200,36,17,4,138,24122,13.107.238.59,-
43.133.98.45,February 22 2023 9:04:36 PM ICT,Bangkok - TH,Up,200,28,9,1,69,24122,13.107.237.59,-
43.225.142.155,February 22 2023 8:59:18 PM ICT,Bangkok - TH,Up,200,239,14,4,303,24122,13.107.237.59,-
43.133.98.45,February 22 2023 8:53:59 PM ICT,Bangkok - TH,Up,200,81,12,2,126,24122,13.107.238.59,-
43.133.98.45,February 22 2023 8:48:39 PM ICT,Bangkok - TH,Up,200,1,10,2,43,24122,13.107.237.59,-
43.225.142.155,February 22 2023 8:43:09 PM ICT,Bangkok - TH,Up,200,24,13,4,76,24122,13.107.237.48,-
43.133.98.45,February 22 2023 8:37:50 PM ICT,Bangkok - TH,Up,200,27,51,22,145,24122,13.107.238.59,-
43.225.142.155,February 22 2023 8:32:30 PM ICT,Bangkok - TH,Up,200,24,56,25,142,24122,13.107.238.68,-
43.133.98.45,February 22 2023 8:27:03 PM ICT,Bangkok - TH,Up,200,28,63,4,179,24122,13.107.238.59,-
43.133.98.45,February 22 2023 8:21:42 PM ICT,Bangkok - TH,Up,200,98,75,22,232,24122,13.107.238.48,-
43.225.142.155,February 22 2023 8:16:22 PM ICT,Bangkok - TH,Up,200,120,58,25,239,24122,13.107.238.59,-
43.225.142.155,February 22 2023 8:11:01 PM ICT,Bangkok - TH,Up,200,110,64,30,284,24122,13.107.238.68,-
43.225.142.155,February 22 2023 8:05:39 PM ICT,Bangkok - TH,Up,200,153,28,5,258,24122,13.107.238.48,-
43.225.142.155,February 22 2023 8:00:20 PM ICT,Bangkok - TH,Up,200,163,57,25,283,24122,13.107.238.59,-
43.225.142.155,February 22 2023 7:55:00 PM ICT,Bangkok - TH,Up,200,173,14,4,255,24122,13.107.237.68,-
43.225.142.155,February 22 2023 7:49:41 PM ICT,Bangkok - TH,Up,200,120,59,25,245,24122,13.107.238.59,-
43.225.142.155,February 22 2023 7:44:19 PM ICT,Bangkok - TH,Up,200,37,14,26,111,24122,13.107.237.59,-
43.133.98.45,February 22 2023 7:39:01 PM ICT,Bangkok - TH,Up,200,142,66,24,265,24122,13.107.238.59,-
43.225.142.155,February 22 2023 7:33:39 PM ICT,Bangkok - TH,Up,200,159,57,24,277,24122,13.107.238.68,-
43.225.142.155,February 22 2023 7:28:19 PM ICT,Bangkok - TH,Up,200,149,12,3,196,24122,13.107.238.48,-
43.133.98.45,February 22 2023 7:23:02 PM ICT,Bangkok - TH,Up,200,28,48,21,143,24122,13.107.238.59,-
43.133.98.45,February 22 2023 7:17:48 PM ICT,Bangkok - TH,Up,200,31,10,3,75,24122,13.107.238.59,-
43.133.98.45,February 22 2023 7:12:31 PM ICT,Bangkok - TH,Up,200,27,10,1,118,24122,13.107.237.59,-
43.133.98.45,February 22 2023 7:07:12 PM ICT,Bangkok - TH,Up,200,81,10,1,171,24122,13.107.237.68,-
43.133.98.45,February 22 2023 7:01:52 PM ICT,Bangkok - TH,Up,200,30,68,25,158,24122,13.107.238.59,-
43.133.98.45,February 22 2023 6:56:25 PM ICT,Bangkok - TH,Up,200,28,10,2,122,24122,13.107.238.59,-
43.225.142.155,February 22 2023 6:51:03 PM ICT,Bangkok - TH,Up,200,1000,14,4,1049,24122,13.107.238.59,-
43.133.98.45,February 22 2023 6:45:39 PM ICT,Bangkok - TH,Up,200,1,23,5,128,24122,13.107.238.48,-
43.225.142.155,February 22 2023 6:40:22 PM ICT,Bangkok - TH,Up,200,31,57,24,176,24122,13.107.237.48,-
43.225.142.155,February 22 2023 6:34:59 PM ICT,Bangkok - TH,Up,200,1001,61,24,1120,24122,13.107.238.59,-
43.133.98.45,February 22 2023 6:29:41 PM ICT,Bangkok - TH,Up,200,81,16,4,179,24122,13.107.238.68,-
43.225.142.155,February 22 2023 6:24:24 PM ICT,Bangkok - TH,Up,200,150,18,7,273,24122,13.107.237.59,-
43.133.98.45,February 22 2023 6:19:01 PM ICT,Bangkok - TH,Up,200,1,51,21,106,24122,13.107.238.59,-
43.225.142.155,February 22 2023 6:13:50 PM ICT,Bangkok - TH,Up,200,112,15,4,217,24122,13.107.237.68,-
43.133.98.45,February 22 2023 6:08:35 PM ICT,Bangkok - TH,Up,200,1,39,15,87,24122,13.107.238.59,-
43.133.98.45,February 22 2023 6:03:16 PM ICT,Bangkok - TH,Up,200,97,65,24,225,24122,13.107.238.59,-
43.133.98.45,February 22 2023 5:57:56 PM ICT,Bangkok - TH,Up,200,27,8,1,66,24122,13.107.238.59,-
43.133.98.45,February 22 2023 5:52:45 PM ICT,Bangkok - TH,Up,200,1,52,21,150,24122,13.107.238.59,-
43.225.142.155,February 22 2023 5:47:26 PM ICT,Bangkok - TH,Up,200,70,55,23,183,24122,13.107.237.59,-
43.225.142.155,February 22 2023 5:42:12 PM ICT,Bangkok - TH,Up,200,143,59,26,265,24122,13.107.237.59,-
43.225.142.155,February 22 2023 5:36:58 PM ICT,Bangkok - TH,Up,200,164,25,6,307,24122,13.107.237.59,-
43.225.142.155,February 22 2023 5:31:41 PM ICT,Bangkok - TH,Up,200,36,17,6,102,24122,13.107.237.59,-
43.225.142.155,February 22 2023 5:26:23 PM ICT,Bangkok - TH,Up,200,42,59,28,167,24122,13.107.238.59,-
43.225.142.155,February 22 2023 5:21:07 PM ICT,Bangkok - TH,Up,200,932,34,5,1015,24122,13.107.238.59,-
43.225.142.155,February 22 2023 5:15:49 PM ICT,Bangkok - TH,Up,200,933,57,24,1049,24122,13.107.238.59,-
43.133.98.45,February 22 2023 5:10:32 PM ICT,Bangkok - TH,Up,200,1,55,22,118,24122,13.107.238.68,-
43.133.98.45,February 22 2023 5:05:11 PM ICT,Bangkok - TH,Up,200,0,9,1,85,24122,13.107.238.48,-
43.133.98.45,February 22 2023 4:59:56 PM ICT,Bangkok - TH,Up,200,28,10,2,69,24122,13.107.237.59,-
43.225.142.155,February 22 2023 4:54:36 PM ICT,Bangkok - TH,Up,200,68,52,23,176,24122,13.107.237.59,-
43.133.98.45,February 22 2023 4:49:22 PM ICT,Bangkok - TH,Up,200,81,9,2,123,24122,13.107.238.68,-
43.225.142.155,February 22 2023 4:44:05 PM ICT,Bangkok - TH,Up,200,21,60,26,143,24122,13.107.238.59,-
43.225.142.155,February 22 2023 4:38:51 PM ICT,Bangkok - TH,Up,200,209,13,5,260,24122,13.107.238.48,-
43.225.142.155,February 22 2023 4:33:37 PM ICT,Bangkok - TH,Up,200,72,18,6,128,24122,13.107.238.59,-
43.225.142.155,February 22 2023 4:28:22 PM ICT,Bangkok - TH,Up,200,3,18,5,61,24122,13.107.237.59,-
43.225.142.155,February 22 2023 4:23:02 PM ICT,Bangkok - TH,Up,200,128,12,3,177,24122,13.107.237.48,-
43.225.142.155,February 22 2023 4:17:49 PM ICT,Bangkok - TH,Up,200,71,58,25,190,24122,13.107.238.59,-
43.225.142.155,February 22 2023 4:12:30 PM ICT,Bangkok - TH,Up,200,1001,58,24,1126,24122,13.107.238.59,-
43.225.142.155,February 22 2023 4:07:05 PM ICT,Bangkok - TH,Up,200,3,56,31,130,24122,13.107.238.59,-
43.225.142.155,February 22 2023 4:01:50 PM ICT,Bangkok - TH,Up,200,33,57,24,150,24122,13.107.238.59,-
43.225.142.155,February 22 2023 3:56:03 PM ICT,Bangkok - TH,Up,200,312,56,25,428,24122,13.107.238.68,-
43.225.142.155,February 22 2023 3:50:46 PM ICT,Bangkok - TH,Up,200,120,60,25,239,24122,13.107.238.68,-
43.225.142.155,February 22 2023 3:45:24 PM ICT,Bangkok - TH,Up,200,72,57,27,193,24122,13.107.237.59,-
43.225.142.155,February 22 2023 3:40:01 PM ICT,Bangkok - TH,Up,200,4,56,24,119,24122,13.107.237.59,-
43.225.142.155,February 22 2023 3:34:40 PM ICT,Bangkok - TH,Up,200,150,18,5,208,24122,13.107.237.48,-
43.225.142.155,February 22 2023 3:29:16 PM ICT,Bangkok - TH,Up,200,75,56,24,248,24122,13.107.237.59,-
43.225.142.155,February 22 2023 3:23:56 PM ICT,Bangkok - TH,Up,200,65,218,4,368,24122,13.107.237.59,-
43.133.98.45,February 22 2023 3:18:34 PM ICT,Bangkok - TH,Up,200,1,53,21,108,24122,13.107.237.48,-
43.133.98.45,February 22 2023 3:13:14 PM ICT,Bangkok - TH,Up,200,1,62,27,121,24122,13.107.253.59,-
43.225.142.155,February 22 2023 3:07:52 PM ICT,Bangkok - TH,Up,200,152,15,4,203,24122,13.107.237.59,-
43.225.142.155,February 22 2023 3:02:35 PM ICT,Bangkok - TH,Up,200,66,17,5,122,24122,13.107.238.59,-
43.225.142.155,February 22 2023 2:57:18 PM ICT,Bangkok - TH,Up,200,35,21,8,150,24122,13.107.237.68,-
43.225.142.155,February 22 2023 2:52:02 PM ICT,Bangkok - TH,Up,200,126,76,29,267,24122,13.107.253.59,-
43.225.142.155,February 22 2023 2:46:35 PM ICT,Bangkok - TH,Up,200,68,53,25,198,24122,13.107.237.48,-
43.225.142.155,February 22 2023 2:41:25 PM ICT,Bangkok - TH,Up,200,127,13,4,177,24122,13.107.238.68,-
43.225.142.155,February 22 2023 2:36:10 PM ICT,Bangkok - TH,Up,200,67,14,4,172,24122,13.107.237.59,-
43.225.142.155,February 22 2023 2:30:48 PM ICT,Bangkok - TH,Up,200,90,21,5,198,24122,13.107.237.68,-
43.225.142.155,February 22 2023 2:25:24 PM ICT,Bangkok - TH,Up,200,62,18,9,135,24122,13.107.238.59,-
43.225.142.155,February 22 2023 2:20:03 PM ICT,Bangkok - TH,Up,200,120,56,24,235,24122,13.107.238.59,-
43.225.142.155,February 22 2023 2:14:41 PM ICT,Bangkok - TH,Up,200,90,13,5,194,24122,13.107.238.68,-
43.225.142.155,February 22 2023 2:09:23 PM ICT,Bangkok - TH,Up,200,109,51,48,246,24122,13.107.238.48,-
43.225.142.155,February 22 2023 2:01:48 PM ICT,Bangkok - TH,Up,200,42,17,5,99,24122,13.107.238.59,-
43.225.142.155,February 22 2023 1:56:26 PM ICT,Bangkok - TH,Up,200,988,66,32,1139,24122,13.107.253.59,-
43.225.142.155,February 22 2023 1:50:59 PM ICT,Bangkok - TH,Down,404,3,20,5,-,3450,13.107.238.59,Request URI does not exist.
39.104.161.26,February 22 2023 1:50:59 PM ICT,Huhehaote - CHN,Up,200,68,161,70,377,24122,13.107.237.46,-
185.4.176.100,February 22 2023 1:50:59 PM ICT,Yorkshire - UK,Up,200,12,37,6,65,24122,13.107.237.67,-
43.225.142.155,February 22 2023 1:45:40 PM ICT,Bangkok - TH,Up,200,2,66,29,129,24122,13.107.226.59,-
43.225.142.155,February 22 2023 1:40:26 PM ICT,Bangkok - TH,Up,200,129,54,24,258,24122,13.107.237.68,-
43.225.142.155,February 22 2023 1:35:06 PM ICT,Bangkok - TH,Up,200,891,63,24,1018,24122,13.107.238.59,-
43.225.142.155,February 22 2023 1:29:44 PM ICT,Bangkok - TH,Up,200,66,13,9,123,24122,13.107.237.59,-
43.225.142.155,February 22 2023 1:24:18 PM ICT,Bangkok - TH,Up,200,1189,58,28,1310,24122,13.107.237.59,-
43.225.142.155,February 22 2023 1:19:07 PM ICT,Bangkok - TH,Up,200,36,67,31,167,24122,13.107.253.59,-
43.225.142.155,February 22 2023 1:13:56 PM ICT,Bangkok - TH,Up,200,1001,19,4,1057,24122,13.107.237.59,-
43.225.142.155,February 22 2023 1:08:43 PM ICT,Bangkok - TH,Up,200,11,65,28,146,24122,13.107.226.59,-
43.133.98.45,February 22 2023 1:03:23 PM ICT,Bangkok - TH,Up,200,1,10,2,101,24122,13.107.238.68,-
43.133.98.45,February 22 2023 12:58:02 PM ICT,Bangkok - TH,Up,200,1,9,2,41,24122,13.107.237.59,-
43.225.142.155,February 22 2023 12:52:49 PM ICT,Bangkok - TH,Up,200,63,52,24,187,24122,13.107.237.59,-
43.225.142.155,February 22 2023 12:47:31 PM ICT,Bangkok - TH,Up,200,7,51,23,129,24122,13.107.238.59,-
43.133.98.45,February 22 2023 12:42:15 PM ICT,Bangkok - TH,Up,200,27,50,21,133,24122,13.107.238.59,-
43.225.142.155,February 22 2023 12:36:59 PM ICT,Bangkok - TH,Up,200,69,57,25,185,24122,13.107.238.59,-
43.225.142.155,February 22 2023 12:31:40 PM ICT,Bangkok - TH,Up,200,204,58,24,333,24122,13.107.237.59,-
43.225.142.155,February 22 2023 12:26:05 PM ICT,Bangkok - TH,Up,200,174,14,4,277,24122,13.107.237.68,-
43.133.98.45,February 22 2023 12:20:49 PM ICT,Bangkok - TH,Up,200,1,11,2,43,24122,13.107.237.48,-
43.133.98.45,February 22 2023 12:15:38 PM ICT,Bangkok - TH,Up,200,28,52,22,136,24122,13.107.237.59,-
43.225.142.155,February 22 2023 12:10:25 PM ICT,Bangkok - TH,Up,200,156,21,9,224,24122,13.107.237.59,-
43.225.142.155,February 22 2023 12:05:12 PM ICT,Bangkok - TH,Up,200,117,57,25,234,24122,13.107.238.68,-
43.133.98.45,February 22 2023 11:59:56 AM ICT,Bangkok - TH,Up,200,29,16,3,78,24122,13.107.238.59,-
43.133.98.45,February 22 2023 11:54:46 AM ICT,Bangkok - TH,Up,200,28,48,22,128,24122,13.107.238.48,-
43.133.98.45,February 22 2023 11:49:29 AM ICT,Bangkok - TH,Up,200,163,19,8,279,24122,13.107.238.48,-
43.225.142.155,February 22 2023 11:44:17 AM ICT,Bangkok - TH,Up,200,34,16,9,92,24122,13.107.237.68,-
43.133.98.45,February 22 2023 11:39:08 AM ICT,Bangkok - TH,Up,200,27,12,1,133,24122,13.107.237.59,-
43.225.142.155,February 22 2023 11:33:56 AM ICT,Bangkok - TH,Up,200,169,56,23,284,24122,13.107.237.68,-
43.133.98.45,February 22 2023 11:28:45 AM ICT,Bangkok - TH,Up,200,82,51,21,199,24122,13.107.238.48,-
43.225.142.155,February 22 2023 11:23:33 AM ICT,Bangkok - TH,Up,200,68,65,23,224,24122,13.107.238.59,-
43.133.98.45,February 22 2023 11:18:17 AM ICT,Bangkok - TH,Up,200,30,9,1,71,24122,13.107.237.59,-
43.225.142.155,February 22 2023 11:13:03 AM ICT,Bangkok - TH,Up,200,1007,56,25,1123,24122,13.107.238.59,-
43.225.142.155,February 22 2023 11:07:45 AM ICT,Bangkok - TH,Up,200,168,58,34,307,24122,13.107.238.59,-
43.225.142.155,February 22 2023 11:02:36 AM ICT,Bangkok - TH,Up,200,1,66,29,131,24122,13.107.226.59,-
43.225.142.155,February 22 2023 10:57:27 AM ICT,Bangkok - TH,Up,200,38,43,6,122,24122,13.107.237.59,-
43.225.142.155,February 22 2023 10:52:20 AM ICT,Bangkok - TH,Up,200,151,53,25,292,24122,13.107.237.59,-
43.225.142.155,February 22 2023 10:47:11 AM ICT,Bangkok - TH,Up,200,96,16,5,203,24122,13.107.238.59,-
43.225.142.155,February 22 2023 10:42:03 AM ICT,Bangkok - TH,Up,200,34,60,24,154,24122,13.107.237.48,-
43.225.142.155,February 22 2023 10:36:53 AM ICT,Bangkok - TH,Up,200,120,58,25,259,24122,13.107.237.59,-
43.133.98.45,February 22 2023 10:31:38 AM ICT,Bangkok - TH,Down,404,28,289,21,-,3450,13.107.237.59,Request URI does not exist.
119.82.29.196,February 22 2023 10:31:38 AM ICT,Nagano - JP,Up,200,1,27,6,48,24122,13.107.237.46,-
15.185.128.126,February 22 2023 10:31:38 AM ICT,Manama - BH,Up,200,126,36,10,263,24122,13.107.238.68,-
43.225.142.155,February 22 2023 10:26:29 AM ICT,Bangkok - TH,Up,200,245,66,29,374,24122,13.107.226.59,-
43.225.142.155,February 22 2023 10:21:14 AM ICT,Bangkok - TH,Up,200,143,56,23,275,24122,13.107.238.59,-
43.133.98.45,February 22 2023 10:15:56 AM ICT,Bangkok - TH,Down,404,80,16,6,-,3450,13.107.238.68,Request URI does not exist.
172.105.0.109,February 22 2023 10:15:56 AM ICT,Toronto - CA,Down,400,30,32,12,-,194,13.107.237.51,HTTP Request error.
139.59.12.64,February 22 2023 10:15:56 AM ICT,Bengaluru - IN,Down,400,1,31,8,-,198,13.107.253.59,HTTP Request error.
43.133.98.45,February 22 2023 10:10:40 AM ICT,Bangkok - TH,Down,400,29,60,21,-,194,13.107.238.59,HTTP Request error.
178.162.205.11,February 22 2023 10:10:40 AM ICT,Frankfurt - DE,Down,404,9,19,5,-,3450,13.107.238.45,Request URI does not exist.
172.105.180.58,February 22 2023 10:10:40 AM ICT,Sydney - AUS,Down,400,15,24,1,-,194,13.107.238.32,HTTP Request error.
43.133.98.45,February 22 2023 10:05:23 AM ICT,Bangkok - TH,Down,404,80,9,2,-,3450,13.107.238.48,Request URI does not exist.
95.141.37.142,February 22 2023 10:05:23 AM ICT,Milano - IT,Down,400,10,21,6,-,194,13.107.237.45,HTTP Request error.
74.118.137.52,February 22 2023 10:05:23 AM ICT,Pittsburgh - US,Down,400,42,81,27,-,198,13.107.253.40,HTTP Request error.
43.225.142.155,February 22 2023 10:00:12 AM ICT,Bangkok - TH,Down,400,66,58,25,-,194,13.107.237.68,HTTP Request error.
31.7.56.242,February 22 2023 10:00:12 AM ICT,Zurich - CH,Down,400,5,41,13,-,194,13.107.237.60,HTTP Request error.
89.43.108.188,February 22 2023 10:00:12 AM ICT,Tokyo - JP,Down,404,2,7,1,-,3450,13.107.237.46,Request URI does not exist.
43.225.142.155,February 22 2023 9:54:58 AM ICT,Bangkok - TH,Down,404,0,13,5,-,3450,13.107.238.59,Request URI does not exist.
207.244.104.49,February 22 2023 9:54:58 AM ICT,Virginia - US,Down,400,3,19,3,-,198,13.107.226.40,HTTP Request error.
23.83.129.144,February 22 2023 9:54:58 AM ICT,Phoenix - US,Down,400,80,51,13,-,198,13.107.237.57,HTTP Request error.
43.225.142.155,February 22 2023 9:52:28 AM ICT,Bangkok - TH,Down,404,32,21,21,-,3450,13.107.238.59,Request URI does not exist.
43.225.142.155,February 22 2023 9:50:20 AM ICT,Bangkok - TH,Down,0,-,-,-,-,0,-,"Unable to resolve the IP address for the configured domain name ""openai.com""."
43.225.142.155,February 22 2023 9:47:51 AM ICT,Bangkok - TH,Down,0,-,-,-,-,-,-,Host Name is not resolved
203.83.244.42,February 22 2023 9:47:51 AM ICT,Nagano - JP,Down,0,-,-,-,-,0,-,"Unable to resolve the IP address for the configured domain name ""openai.com""."
81.181.106.37,February 22 2023 9:47:51 AM ICT,Miami - US,Down,0,-,-,-,-,0,-,"Unable to resolve the IP address for the configured domain name ""openai.com""."
43.225.142.155,February 22 2023 9:43:15 AM ICT,Bangkok - TH,Up,200,0,51,24,106,24122,13.107.238.48,-
43.225.142.155,February 22 2023 9:42:18 AM ICT,Bangkok - TH,Down,480,-,-,-,-,-,13.107.238.48,Secure Connection Failed
203.83.244.42,February 22 2023 9:42:18 AM ICT,Nagano - JP,Down,400,8,23,6,-,194,13.107.238.46,HTTP Request error.
103.77.234.74,February 22 2023 9:42:18 AM ICT,Perth - AUS,Down,400,107,84,38,-,194,13.107.237.31,HTTP Request error.
43.225.142.155,February 22 2023 9:37:08 AM ICT,Bangkok - TH,Up,200,41,35,5,119,24122,13.107.238.59,-
43.225.142.155,February 22 2023 9:31:54 AM ICT,Bangkok - TH,Up,200,63,15,4,114,24122,13.107.237.48,-
43.225.142.155,February 22 2023 9:26:36 AM ICT,Bangkok - TH,Up,200,98,14,6,151,24122,13.107.237.68,-
43.225.142.155,February 22 2023 9:21:28 AM ICT,Bangkok - TH,Up,200,34,16,5,88,24122,13.107.238.59,-
43.225.142.155,February 22 2023 9:16:19 AM ICT,Bangkok - TH,Up,200,69,57,27,191,24122,13.107.238.59,-
43.225.142.155,February 22 2023 9:11:06 AM ICT,Bangkok - TH,Up,200,2,23,7,74,24122,13.107.238.59,-
43.225.142.155,February 22 2023 9:05:54 AM ICT,Bangkok - TH,Up,200,1,14,5,55,24122,13.107.237.59,-
43.225.142.155,February 22 2023 9:00:41 AM ICT,Bangkok - TH,Up,200,32,13,5,82,24122,13.107.237.59,-
43.225.142.155,February 22 2023 8:55:27 AM ICT,Bangkok - TH,Up,200,40,21,4,157,24122,13.107.238.59,-
43.225.142.155,February 22 2023 8:50:18 AM ICT,Bangkok - TH,Up,200,152,15,4,203,24122,13.107.237.59,-
43.225.142.155,February 22 2023 8:45:07 AM ICT,Bangkok - TH,Up,200,70,56,24,185,24122,13.107.238.59,-
43.225.142.155,February 22 2023 8:39:49 AM ICT,Bangkok - TH,Up,200,56,12,3,103,24122,13.107.238.59,-
43.225.142.155,February 22 2023 8:34:38 AM ICT,Bangkok - TH,Up,200,28,77,52,220,24122,13.107.238.59,-
43.133.98.45,February 22 2023 8:29:26 AM ICT,Bangkok - TH,Up,200,29,11,2,157,24122,13.107.237.59,-
43.133.98.45,February 22 2023 8:24:13 AM ICT,Bangkok - TH,Up,200,29,60,22,144,24122,13.107.237.59,-
43.225.142.155,February 22 2023 8:19:00 AM ICT,Bangkok - TH,Up,200,1000,14,4,1107,24122,13.107.238.59,-
43.225.142.155,February 22 2023 8:13:45 AM ICT,Bangkok - TH,Up,200,67,55,25,195,24122,13.107.237.59,-
43.225.142.155,February 22 2023 8:08:30 AM ICT,Bangkok - TH,Up,200,67,13,4,116,24122,13.107.238.59,-
43.225.142.155,February 22 2023 8:03:15 AM ICT,Bangkok - TH,Up,200,899,13,4,997,24122,13.107.238.59,-
43.225.142.155,February 22 2023 7:58:01 AM ICT,Bangkok - TH,Up,200,34,15,5,138,24122,13.107.237.59,-
43.225.142.155,February 22 2023 7:52:50 AM ICT,Bangkok - TH,Up,200,63,53,23,191,24122,13.107.237.59,-
43.225.142.155,February 22 2023 7:47:39 AM ICT,Bangkok - TH,Up,200,67,56,24,225,24122,13.107.237.59,-
43.225.142.155,February 22 2023 7:42:20 AM ICT,Bangkok - TH,Up,200,32,14,5,137,24122,13.107.237.59,-
43.225.142.155,February 22 2023 7:37:11 AM ICT,Bangkok - TH,Up,200,33,57,25,150,24122,13.107.238.48,-
43.225.142.155,February 22 2023 7:31:55 AM ICT,Bangkok - TH,Up,200,50,59,24,178,24122,13.107.238.59,-
43.225.142.155,February 22 2023 7:26:40 AM ICT,Bangkok - TH,Up,200,71,87,44,260,24122,13.107.238.59,-
43.133.98.45,February 22 2023 7:21:31 AM ICT,Bangkok - TH,Up,200,32,73,24,206,24122,13.107.237.59,-
43.225.142.155,February 22 2023 7:16:19 AM ICT,Bangkok - TH,Up,200,70,57,25,188,24122,13.107.238.59,-
43.225.142.155,February 22 2023 7:11:10 AM ICT,Bangkok - TH,Up,200,68,12,3,165,24122,13.107.237.59,-
43.225.142.155,February 22 2023 7:06:03 AM ICT,Bangkok - TH,Up,200,152,13,4,249,24122,13.107.238.59,-
43.225.142.155,February 22 2023 7:00:51 AM ICT,Bangkok - TH,Up,200,2,60,25,124,24122,13.107.237.59,-
43.133.98.45,February 22 2023 6:55:39 AM ICT,Bangkok - TH,Up,200,34,115,5,241,24122,13.107.238.59,-
43.225.142.155,February 22 2023 6:50:24 AM ICT,Bangkok - TH,Up,200,64,68,24,222,24122,13.107.237.59,-
43.133.98.45,February 22 2023 6:45:16 AM ICT,Bangkok - TH,Up,200,99,57,21,237,24122,13.107.237.59,-
43.133.98.45,February 22 2023 6:40:06 AM ICT,Bangkok - TH,Up,200,30,9,2,120,24122,13.107.238.59,-
43.225.142.155,February 22 2023 6:34:57 AM ICT,Bangkok - TH,Up,200,1,14,5,101,24122,13.107.238.59,-
43.133.98.45,February 22 2023 6:29:40 AM ICT,Bangkok - TH,Up,200,29,54,22,192,24122,13.107.237.59,-
43.225.142.155,February 22 2023 6:24:24 AM ICT,Bangkok - TH,Up,200,42,15,5,147,24122,13.107.238.59,-
43.225.142.155,February 22 2023 6:19:13 AM ICT,Bangkok - TH,Up,200,66,14,4,116,24122,13.107.237.59,-
43.225.142.155,February 22 2023 6:14:02 AM ICT,Bangkok - TH,Up,200,76,13,4,174,24122,13.107.238.59,-
43.225.142.155,February 22 2023 6:08:54 AM ICT,Bangkok - TH,Up,200,68,61,25,195,24122,13.107.238.59,-
43.225.142.155,February 22 2023 6:03:43 AM ICT,Bangkok - TH,Up,200,31,54,24,202,24122,13.107.238.59,-
43.225.142.155,February 22 2023 5:58:34 AM ICT,Bangkok - TH,Up,200,41,55,23,172,24122,13.107.237.59,-
43.225.142.155,February 22 2023 5:53:23 AM ICT,Bangkok - TH,Up,200,67,58,25,229,24122,13.107.237.59,-
43.225.142.155,February 22 2023 5:48:11 AM ICT,Bangkok - TH,Up,200,68,13,4,168,24122,13.107.237.59,-
43.133.98.45,February 22 2023 5:42:55 AM ICT,Bangkok - TH,Up,200,32,56,22,220,24122,13.107.237.59,-
43.133.98.45,February 22 2023 5:37:43 AM ICT,Bangkok - TH,Up,200,28,53,22,182,24122,13.107.238.59,-
43.225.142.155,February 22 2023 5:32:26 AM ICT,Bangkok - TH,Up,200,238,54,24,380,24122,13.107.238.59,-
43.225.142.155,February 22 2023 5:27:14 AM ICT,Bangkok - TH,Up,200,60,58,24,244,24122,13.107.237.59,-
43.133.98.45,February 22 2023 5:22:02 AM ICT,Bangkok - TH,Up,200,82,53,21,210,24122,13.107.238.48,-
43.133.98.45,February 22 2023 5:16:43 AM ICT,Bangkok - TH,Up,200,29,56,22,150,24122,13.107.237.59,-
43.225.142.155,February 22 2023 5:11:27 AM ICT,Bangkok - TH,Up,200,13,59,29,212,24122,13.107.237.59,-
43.225.142.155,February 22 2023 5:04:47 AM ICT,Bangkok - TH,Up,200,31,12,4,154,24122,13.107.238.59,-
43.133.98.45,February 22 2023 4:59:31 AM ICT,Bangkok - TH,Up,200,31,52,21,137,24122,13.107.237.59,-
43.225.142.155,February 22 2023 4:54:13 AM ICT,Bangkok - TH,Up,200,32,57,27,152,24122,13.107.238.59,-
43.225.142.155,February 22 2023 4:48:59 AM ICT,Bangkok - TH,Up,200,33,57,24,189,24122,13.107.238.59,-
43.133.98.45,February 22 2023 4:43:40 AM ICT,Bangkok - TH,Up,200,82,53,21,200,24122,13.107.238.59,-
43.133.98.45,February 22 2023 4:38:23 AM ICT,Bangkok - TH,Up,200,31,10,2,123,24122,13.107.237.59,-
43.225.142.155,February 22 2023 4:33:09 AM ICT,Bangkok - TH,Up,200,66,13,4,166,24122,13.107.237.59,-
43.133.98.45,February 22 2023 4:27:51 AM ICT,Bangkok - TH,Up,200,28,54,23,185,24122,13.107.237.59,-
43.133.98.45,February 22 2023 4:22:38 AM ICT,Bangkok - TH,Up,200,28,53,21,179,24122,13.107.237.59,-
43.225.142.155,February 22 2023 4:17:25 AM ICT,Bangkok - TH,Up,200,63,55,24,199,24122,13.107.238.59,-
43.225.142.155,February 22 2023 4:12:11 AM ICT,Bangkok - TH,Up,200,66,56,23,219,24122,13.107.238.59,-
43.225.142.155,February 22 2023 4:06:55 AM ICT,Bangkok - TH,Up,200,115,12,4,213,24122,13.107.237.48,-
43.225.142.155,February 22 2023 4:01:41 AM ICT,Bangkok - TH,Up,200,34,65,27,210,24122,13.107.238.59,-
43.225.142.155,February 22 2023 3:56:26 AM ICT,Bangkok - TH,Up,200,41,61,27,165,24122,13.107.238.59,-
43.225.142.155,February 22 2023 3:51:05 AM ICT,Bangkok - TH,Up,200,155,13,3,257,24122,13.107.238.59,-
43.225.142.155,February 22 2023 3:45:50 AM ICT,Bangkok - TH,Up,200,69,14,4,119,24122,13.107.237.59,-
43.225.142.155,February 22 2023 3:40:33 AM ICT,Bangkok - TH,Up,200,71,58,24,258,24122,13.107.237.59,-
43.225.142.155,February 22 2023 3:35:18 AM ICT,Bangkok - TH,Up,200,905,55,24,1038,24122,13.107.238.59,-
43.225.142.155,February 22 2023 3:30:06 AM ICT,Bangkok - TH,Up,200,6,15,4,133,24122,13.107.238.59,-
43.133.98.45,February 22 2023 3:24:53 AM ICT,Bangkok - TH,Up,200,30,9,2,121,24122,13.107.237.59,-
43.225.142.155,February 22 2023 3:19:30 AM ICT,Bangkok - TH,Up,200,63,59,26,227,24122,13.107.238.59,-
43.133.98.45,February 22 2023 3:14:18 AM ICT,Bangkok - TH,Up,200,108,15,2,257,24122,13.107.237.59,-
43.133.98.45,February 22 2023 3:09:00 AM ICT,Bangkok - TH,Up,200,29,9,2,118,24122,13.107.238.59,-
43.225.142.155,February 22 2023 3:03:44 AM ICT,Bangkok - TH,Up,200,70,57,24,225,24122,13.107.238.59,-
43.225.142.155,February 22 2023 2:58:25 AM ICT,Bangkok - TH,Up,200,65,16,5,169,24122,13.107.237.59,-
43.225.142.155,February 22 2023 2:53:14 AM ICT,Bangkok - TH,Up,200,31,15,4,130,24122,13.107.237.59,-
43.225.142.155,February 22 2023 2:48:00 AM ICT,Bangkok - TH,Up,200,61,57,24,179,24122,13.107.237.59,-
43.225.142.155,February 22 2023 2:42:48 AM ICT,Bangkok - TH,Up,200,152,14,5,254,24122,13.107.237.59,-
43.225.142.155,February 22 2023 2:37:32 AM ICT,Bangkok - TH,Up,200,64,17,8,172,24122,13.107.238.59,-
43.133.98.45,February 22 2023 2:32:12 AM ICT,Bangkok - TH,Up,200,84,13,5,179,24122,13.107.237.48,-
43.133.98.45,February 22 2023 2:26:54 AM ICT,Bangkok - TH,Up,200,31,11,2,123,24122,13.107.237.59,-
43.225.142.155,February 22 2023 2:21:43 AM ICT,Bangkok - TH,Up,200,208,61,25,330,24122,13.107.237.59,-
43.225.142.155,February 22 2023 2:16:23 AM ICT,Bangkok - TH,Up,200,1001,51,23,1119,24122,13.107.237.59,-
43.133.98.45,February 22 2023 2:11:10 AM ICT,Bangkok - TH,Up,200,81,58,21,195,24122,13.107.237.48,-
43.225.142.155,February 22 2023 2:05:53 AM ICT,Bangkok - TH,Up,200,1,58,25,165,24122,13.107.237.59,-
43.133.98.45,February 22 2023 2:00:36 AM ICT,Bangkok - TH,Up,200,81,9,2,192,24122,13.107.237.48,-
43.133.98.45,February 22 2023 1:55:19 AM ICT,Bangkok - TH,Up,200,30,57,22,141,24122,13.107.237.59,-
43.225.142.155,February 22 2023 1:50:04 AM ICT,Bangkok - TH,Up,200,181,59,30,321,24122,13.107.237.59,-
43.225.142.155,February 22 2023 1:44:49 AM ICT,Bangkok - TH,Up,200,70,36,12,199,24122,13.107.237.59,-
43.133.98.45,February 22 2023 1:39:34 AM ICT,Bangkok - TH,Up,200,82,9,1,179,24122,13.107.238.48,-
43.225.142.155,February 22 2023 1:34:20 AM ICT,Bangkok - TH,Up,200,63,12,4,161,24122,13.107.237.59,-
43.133.98.45,February 22 2023 1:29:06 AM ICT,Bangkok - TH,Up,200,36,69,3,191,24122,13.107.238.59,-
43.225.142.155,February 22 2023 1:23:51 AM ICT,Bangkok - TH,Up,200,60,12,3,155,24122,13.107.238.59,-
43.225.142.155,February 22 2023 1:18:35 AM ICT,Bangkok - TH,Up,200,59,15,5,160,24122,13.107.238.59,-
43.225.142.155,February 22 2023 1:13:21 AM ICT,Bangkok - TH,Up,200,931,57,24,1045,24122,13.107.238.59,-
43.225.142.155,February 22 2023 1:08:06 AM ICT,Bangkok - TH,Up,200,38,57,24,155,24122,13.107.237.59,-
43.133.98.45,February 22 2023 1:02:43 AM ICT,Bangkok - TH,Up,200,30,10,2,121,24122,13.107.237.59,-
43.133.98.45,February 22 2023 12:57:25 AM ICT,Bangkok - TH,Up,200,28,9,2,122,24122,13.107.237.59,-
43.225.142.155,February 22 2023 12:52:11 AM ICT,Bangkok - TH,Up,200,64,56,24,183,24122,13.107.238.59,-
43.225.142.155,February 22 2023 12:46:56 AM ICT,Bangkok - TH,Up,200,121,60,24,252,24122,13.107.237.59,-
43.225.142.155,February 22 2023 12:41:32 AM ICT,Bangkok - TH,Up,200,69,58,25,189,24122,13.107.238.59,-
43.225.142.155,February 22 2023 12:36:12 AM ICT,Bangkok - TH,Up,200,63,56,24,182,24122,13.107.238.59,-
43.225.142.155,February 22 2023 12:30:52 AM ICT,Bangkok - TH,Up,200,76,57,24,232,24122,13.107.238.59,-
43.225.142.155,February 22 2023 12:25:28 AM ICT,Bangkok - TH,Up,200,68,23,9,191,24122,13.107.238.59,-
43.133.98.45,February 22 2023 12:20:10 AM ICT,Bangkok - TH,Up,200,81,51,21,203,24122,13.107.238.48,-
43.133.98.45,February 22 2023 12:14:55 AM ICT,Bangkok - TH,Up,200,81,10,4,126,24122,13.107.237.68,-
43.225.142.155,February 22 2023 12:09:37 AM ICT,Bangkok - TH,Up,200,69,59,25,189,24122,13.107.238.59,-
43.133.98.45,February 22 2023 12:04:16 AM ICT,Bangkok - TH,Up,200,2,12,2,97,24122,13.107.237.68,-
43.225.142.155,February 21 2023 11:58:56 PM ICT,Bangkok - TH,Up,200,32,16,5,87,24122,13.107.238.59,-
43.225.142.155,February 21 2023 11:53:31 PM ICT,Bangkok - TH,Up,200,65,57,24,182,24122,13.107.238.59,-
43.133.98.45,February 21 2023 11:48:14 PM ICT,Bangkok - TH,Up,200,31,9,1,120,24122,13.107.238.59,-
43.133.98.45,February 21 2023 11:42:53 PM ICT,Bangkok - TH,Up,200,30,10,2,136,24122,13.107.237.59,-
43.133.98.45,February 21 2023 11:37:34 PM ICT,Bangkok - TH,Up,200,39,298,23,459,24122,13.107.237.59,-
43.225.142.155,February 21 2023 11:32:17 PM ICT,Bangkok - TH,Up,200,34,58,27,201,24122,13.107.238.68,-
43.225.142.155,February 21 2023 11:26:58 PM ICT,Bangkok - TH,Up,200,71,19,6,176,24122,13.107.238.59,-
43.225.142.155,February 21 2023 11:21:35 PM ICT,Bangkok - TH,Up,200,999,13,4,1048,24122,13.107.237.48,-
43.225.142.155,February 21 2023 11:16:15 PM ICT,Bangkok - TH,Up,200,66,66,29,235,24122,13.107.238.59,-
43.225.142.155,February 21 2023 11:10:55 PM ICT,Bangkok - TH,Up,200,68,60,24,188,24122,13.107.237.59,-
43.133.98.45,February 21 2023 11:05:36 PM ICT,Bangkok - TH,Up,200,80,11,2,122,24122,13.107.237.68,-
43.133.98.45,February 21 2023 11:00:15 PM ICT,Bangkok - TH,Up,200,29,68,32,178,24122,13.107.238.59,-
43.225.142.155,February 21 2023 10:54:52 PM ICT,Bangkok - TH,Up,200,33,66,29,169,24122,13.107.237.59,-
43.133.98.45,February 21 2023 10:49:34 PM ICT,Bangkok - TH,Up,200,0,62,26,126,24122,13.107.237.59,-
43.225.142.155,February 21 2023 10:44:14 PM ICT,Bangkok - TH,Up,200,68,13,4,175,24122,13.107.237.59,-
43.133.98.45,February 21 2023 10:38:51 PM ICT,Bangkok - TH,Up,200,30,55,23,143,24122,13.107.238.59,-
43.225.142.155,February 21 2023 10:33:35 PM ICT,Bangkok - TH,Up,200,9,68,51,164,24122,13.107.238.59,-
43.225.142.155,February 21 2023 10:28:13 PM ICT,Bangkok - TH,Up,200,1,13,4,50,24122,13.107.237.59,-
43.225.142.155,February 21 2023 10:22:53 PM ICT,Bangkok - TH,Up,200,92,64,27,219,24122,13.107.237.68,-
43.225.142.155,February 21 2023 10:17:32 PM ICT,Bangkok - TH,Up,200,161,60,26,284,24122,13.107.238.68,-
43.225.142.155,February 21 2023 10:12:04 PM ICT,Bangkok - TH,Up,200,948,15,4,1003,24122,13.107.237.59,-
43.225.142.155,February 21 2023 10:06:41 PM ICT,Bangkok - TH,Up,200,2,58,25,120,24122,13.107.237.48,-
43.225.142.155,February 21 2023 10:01:24 PM ICT,Bangkok - TH,Up,200,70,14,3,118,24122,13.107.238.59,-
43.225.142.155,February 21 2023 9:55:58 PM ICT,Bangkok - TH,Up,200,171,58,25,290,24122,13.107.238.68,-
43.225.142.155,February 21 2023 9:50:36 PM ICT,Bangkok - TH,Up,200,1001,59,26,1122,24122,13.107.238.59,-
43.225.142.155,February 21 2023 9:45:13 PM ICT,Bangkok - TH,Up,200,943,16,7,1005,24122,13.107.237.59,-
43.225.142.155,February 21 2023 9:39:55 PM ICT,Bangkok - TH,Up,200,1001,58,26,1121,24122,13.107.238.48,-
43.225.142.155,February 21 2023 9:34:39 PM ICT,Bangkok - TH,Up,200,70,53,24,180,24122,13.107.238.59,-
43.225.142.155,February 21 2023 9:29:22 PM ICT,Bangkok - TH,Up,200,167,34,8,249,24122,13.107.237.59,-
43.225.142.155,February 21 2023 9:24:01 PM ICT,Bangkok - TH,Up,200,72,13,8,129,24122,13.107.237.59,-
43.225.142.155,February 21 2023 9:18:35 PM ICT,Bangkok - TH,Up,200,1000,14,4,1054,24122,13.107.237.59,-
43.225.142.155,February 21 2023 9:13:16 PM ICT,Bangkok - TH,Up,200,72,57,26,203,24122,13.107.237.59,-
43.225.142.155,February 21 2023 9:07:57 PM ICT,Bangkok - TH,Up,200,1,18,7,137,24122,13.107.237.59,-
43.225.142.155,February 21 2023 9:02:32 PM ICT,Bangkok - TH,Up,200,1000,14,4,1050,24122,13.107.238.59,-
43.225.142.155,February 21 2023 8:57:12 PM ICT,Bangkok - TH,Up,200,192,14,5,246,24122,13.107.238.68,-
43.225.142.155,February 21 2023 8:51:53 PM ICT,Bangkok - TH,Up,200,199,59,25,320,24122,13.107.238.59,-
43.133.98.45,February 21 2023 8:46:37 PM ICT,Bangkok - TH,Up,200,82,56,23,226,24122,13.107.238.68,-
43.225.142.155,February 21 2023 8:41:26 PM ICT,Bangkok - TH,Up,200,74,14,4,124,24122,13.107.238.59,-
43.225.142.155,February 21 2023 8:36:09 PM ICT,Bangkok - TH,Up,200,1,16,4,111,24122,13.107.238.68,-
43.133.98.45,February 21 2023 8:30:49 PM ICT,Bangkok - TH,Up,200,34,51,27,160,24122,13.107.237.59,-
43.225.142.155,February 21 2023 8:25:28 PM ICT,Bangkok - TH,Up,200,68,51,23,188,24122,13.107.238.59,-
43.225.142.155,February 21 2023 8:19:57 PM ICT,Bangkok - TH,Up,200,791,14,4,890,24122,13.107.238.59,-
43.133.98.45,February 21 2023 8:14:43 PM ICT,Bangkok - TH,Up,200,29,9,2,70,24122,13.107.238.59,-
43.225.142.155,February 21 2023 8:09:28 PM ICT,Bangkok - TH,Up,200,87,16,4,191,24122,13.107.237.48,-
43.225.142.155,February 21 2023 8:04:02 PM ICT,Bangkok - TH,Up,200,1000,14,7,1054,24122,13.107.237.59,-
43.225.142.155,February 21 2023 7:58:36 PM ICT,Bangkok - TH,Up,200,83,15,5,136,24122,13.107.238.59,-
43.225.142.155,February 21 2023 7:53:13 PM ICT,Bangkok - TH,Up,200,65,58,24,185,24122,13.107.237.68,-
43.225.142.155,February 21 2023 7:48:39 PM ICT,Bangkok - TH,Up,200,0,57,25,118,24122,13.107.237.68,-
43.225.142.155,February 21 2023 7:46:34 PM ICT,Bangkok - TH,Down,613,63,19,4,-,0,13.107.238.68,Response timeout - Did not receive response for 30 secs.
203.57.114.43,February 21 2023 7:46:34 PM ICT,Melbourne - AUS,Down,613,45,47,15,-,0,13.107.238.31,Response timeout - Did not receive response for 30 secs.
39.108.195.216,February 21 2023 7:46:34 PM ICT,Chongqing - CHN,Down,613,1074,154,57,-,0,13.107.238.59,Response timeout - Did not receive response for 30 secs.
43.133.98.45,February 21 2023 7:41:24 PM ICT,Bangkok - TH,Up,200,28,48,22,156,24122,13.107.238.59,-
43.225.142.155,February 21 2023 7:36:07 PM ICT,Bangkok - TH,Up,200,35,58,25,152,24122,13.107.237.59,-
43.133.98.45,February 21 2023 7:30:43 PM ICT,Bangkok - TH,Up,200,33,85,23,261,24122,13.107.237.59,-
43.133.98.45,February 21 2023 7:25:23 PM ICT,Bangkok - TH,Up,200,0,87,24,156,24122,13.107.237.59,-
43.133.98.45,February 21 2023 7:20:07 PM ICT,Bangkok - TH,Up,200,32,59,24,150,24122,13.107.238.59,-
43.225.142.155,February 21 2023 7:14:49 PM ICT,Bangkok - TH,Up,200,918,14,4,971,24122,13.107.237.59,-
43.133.98.45,February 21 2023 7:09:31 PM ICT,Bangkok - TH,Up,200,0,13,2,52,24122,13.107.238.59,-
43.133.98.45,February 21 2023 7:04:07 PM ICT,Bangkok - TH,Up,200,30,11,2,82,24122,13.107.238.59,-
43.133.98.45,February 21 2023 6:58:54 PM ICT,Bangkok - TH,Up,200,28,50,21,134,24122,13.107.238.59,-
43.133.98.45,February 21 2023 6:53:39 PM ICT,Bangkok - TH,Up,200,98,12,1,145,24122,13.107.237.59,-
43.133.98.45,February 21 2023 6:47:13 PM ICT,Bangkok - TH,Up,200,387,19216,1889,21523,24122,13.107.238.68,-
43.225.142.155,February 21 2023 6:41:58 PM ICT,Bangkok - TH,Up,200,165,24,6,279,24122,13.107.237.59,-
43.225.142.155,February 21 2023 6:36:46 PM ICT,Bangkok - TH,Up,200,1,16,5,106,24122,13.107.238.48,-
43.133.98.45,February 21 2023 6:31:29 PM ICT,Bangkok - TH,Up,200,80,52,22,187,24122,13.107.237.48,-
43.133.98.45,February 21 2023 6:26:18 PM ICT,Bangkok - TH,Up,200,80,42,6,179,24122,13.107.237.48,-
43.225.142.155,February 21 2023 6:21:04 PM ICT,Bangkok - TH,Up,200,66,18,4,123,24122,13.107.238.59,-
43.225.142.155,February 21 2023 6:15:50 PM ICT,Bangkok - TH,Up,200,839,57,24,954,24122,13.107.237.59,-
43.133.98.45,February 21 2023 6:10:30 PM ICT,Bangkok - TH,Up,200,0,71,29,132,24122,13.107.237.59,-
43.225.142.155,February 21 2023 6:05:17 PM ICT,Bangkok - TH,Up,200,133,21,5,196,24122,13.107.237.59,-
43.225.142.155,February 21 2023 5:59:52 PM ICT,Bangkok - TH,Up,200,68,61,25,190,24122,13.107.237.59,-
43.225.142.155,February 21 2023 5:54:33 PM ICT,Bangkok - TH,Up,200,64,55,24,179,24122,13.107.238.59,-
43.225.142.155,February 21 2023 5:49:22 PM ICT,Bangkok - TH,Up,200,134,65,25,260,24122,13.107.238.59,-
43.133.98.45,February 21 2023 5:44:05 PM ICT,Bangkok - TH,Up,200,27,55,22,137,24122,13.107.238.59,-
43.225.142.155,February 21 2023 5:38:50 PM ICT,Bangkok - TH,Up,200,5,17,5,59,24122,13.107.238.68,-
43.225.142.155,February 21 2023 5:33:34 PM ICT,Bangkok - TH,Up,200,185,57,25,303,24122,13.107.238.59,-
43.225.142.155,February 21 2023 5:28:16 PM ICT,Bangkok - TH,Up,200,10,68,26,178,24122,13.107.238.59,-
43.133.98.45,February 21 2023 5:22:59 PM ICT,Bangkok - TH,Up,200,1,58,22,114,24122,13.107.238.59,-
43.225.142.155,February 21 2023 5:17:47 PM ICT,Bangkok - TH,Up,200,240,17,8,303,24122,13.107.237.48,-
43.133.98.45,February 21 2023 5:12:28 PM ICT,Bangkok - TH,Up,200,2,57,22,122,24122,13.107.237.48,-
43.225.142.155,February 21 2023 5:07:12 PM ICT,Bangkok - TH,Up,200,213,13,6,314,24122,13.107.238.68,-
43.133.98.45,February 21 2023 5:01:57 PM ICT,Bangkok - TH,Up,200,1,50,21,117,24122,13.107.237.68,-
43.225.142.155,February 21 2023 4:56:42 PM ICT,Bangkok - TH,Up,200,937,56,25,1053,24122,13.107.238.59,-
43.225.142.155,February 21 2023 4:51:24 PM ICT,Bangkok - TH,Up,200,221,13,4,269,24122,13.107.238.48,-
43.133.98.45,February 21 2023 4:46:09 PM ICT,Bangkok - TH,Up,200,79,10,2,120,24122,13.107.237.68,-
43.225.142.155,February 21 2023 4:40:53 PM ICT,Bangkok - TH,Up,200,71,59,30,196,24122,13.107.238.59,-
43.225.142.155,February 21 2023 4:35:31 PM ICT,Bangkok - TH,Up,200,61,15,4,128,24122,13.107.237.48,-
43.133.98.45,February 21 2023 4:30:15 PM ICT,Bangkok - TH,Up,200,33,9,2,144,24122,13.107.237.59,-
43.225.142.155,February 21 2023 4:25:01 PM ICT,Bangkok - TH,Up,200,33,60,28,158,24122,13.107.237.59,-
43.133.98.45,February 21 2023 4:19:46 PM ICT,Bangkok - TH,Up,200,2,10,1,43,24122,13.107.237.59,-
43.225.142.155,February 21 2023 4:14:29 PM ICT,Bangkok - TH,Up,200,163,57,25,279,24122,13.107.238.59,-
43.225.142.155,February 21 2023 4:09:15 PM ICT,Bangkok - TH,Up,200,218,22,5,278,24122,13.107.237.68,-
43.225.142.155,February 21 2023 4:04:00 PM ICT,Bangkok - TH,Up,200,86,65,25,214,24122,13.107.237.48,-
43.133.98.45,February 21 2023 3:58:40 PM ICT,Bangkok - TH,Up,200,28,53,22,135,24122,13.107.237.68,-
43.225.142.155,February 21 2023 3:53:25 PM ICT,Bangkok - TH,Up,200,42,17,9,103,24122,13.107.237.59,-
43.225.142.155,February 21 2023 3:48:10 PM ICT,Bangkok - TH,Up,200,904,67,29,1035,24122,13.107.253.59,-
43.225.142.155,February 21 2023 3:42:52 PM ICT,Bangkok - TH,Up,200,3,15,9,69,24122,13.107.237.59,-
43.133.98.45,February 21 2023 3:37:38 PM ICT,Bangkok - TH,Up,200,29,88,38,205,24122,13.107.237.59,-
43.133.98.45,February 21 2023 3:32:24 PM ICT,Bangkok - TH,Up,200,32,59,22,147,24122,13.107.238.59,-
43.225.142.155,February 21 2023 3:26:50 PM ICT,Bangkok - TH,Up,200,66,12,4,163,24122,13.107.238.59,-
43.225.142.155,February 21 2023 3:21:33 PM ICT,Bangkok - TH,Up,200,1,18,4,57,24122,13.107.237.59,-
43.225.142.155,February 21 2023 3:16:16 PM ICT,Bangkok - TH,Up,200,73,58,24,234,24122,13.107.238.48,-
43.225.142.155,February 21 2023 3:10:51 PM ICT,Bangkok - TH,Up,200,158,57,24,275,24122,13.107.237.68,-
43.225.142.155,February 21 2023 3:05:35 PM ICT,Bangkok - TH,Up,200,891,58,24,1006,24122,13.107.237.68,-
43.225.142.155,February 21 2023 3:00:17 PM ICT,Bangkok - TH,Up,200,37,59,25,158,24122,13.107.237.59,-
43.133.98.45,February 21 2023 2:54:59 PM ICT,Bangkok - TH,Up,200,2,88,29,149,24122,13.107.237.59,-
43.133.98.45,February 21 2023 2:49:41 PM ICT,Bangkok - TH,Up,200,28,51,21,143,24122,13.107.237.59,-
43.133.98.45,February 21 2023 2:44:17 PM ICT,Bangkok - TH,Up,200,80,62,27,200,24122,13.107.253.59,-
43.133.98.45,February 21 2023 2:39:07 PM ICT,Bangkok - TH,Up,200,1,53,22,109,24122,13.107.237.59,-
43.225.142.155,February 21 2023 2:33:51 PM ICT,Bangkok - TH,Up,200,160,69,30,293,24122,13.107.253.59,-
43.133.98.45,February 21 2023 2:28:30 PM ICT,Bangkok - TH,Up,200,82,57,21,192,24122,13.107.237.68,-
43.225.142.155,February 21 2023 2:23:14 PM ICT,Bangkok - TH,Up,200,944,15,4,998,24122,13.107.238.59,-
43.225.142.155,February 21 2023 2:18:02 PM ICT,Bangkok - TH,Up,200,2,56,23,115,24122,13.107.237.59,-
43.133.98.45,February 21 2023 2:12:43 PM ICT,Bangkok - TH,Up,200,31,54,22,139,24122,13.107.237.59,-
43.133.98.45,February 21 2023 2:07:28 PM ICT,Bangkok - TH,Up,200,28,11,1,122,24122,13.107.237.59,-
43.133.98.45,February 21 2023 2:02:10 PM ICT,Bangkok - TH,Up,200,34,50,21,135,24122,13.107.237.59,-
43.133.98.45,February 21 2023 1:56:53 PM ICT,Bangkok - TH,Up,200,29,74,30,170,24122,13.107.237.59,-
43.225.142.155,February 21 2023 1:51:36 PM ICT,Bangkok - TH,Up,200,888,61,25,1011,24122,13.107.237.59,-
43.225.142.155,February 21 2023 1:46:21 PM ICT,Bangkok - TH,Up,200,1001,17,5,1054,24122,13.107.237.48,-
43.133.98.45,February 21 2023 1:41:10 PM ICT,Bangkok - TH,Up,200,32,133,8,214,24122,13.107.238.59,-
43.225.142.155,February 21 2023 1:35:55 PM ICT,Bangkok - TH,Up,200,37,66,29,164,24122,13.107.226.59,-
43.225.142.155,February 21 2023 1:30:37 PM ICT,Bangkok - TH,Up,200,114,13,4,218,24122,13.107.238.59,-
43.133.98.45,February 21 2023 1:25:20 PM ICT,Bangkok - TH,Up,200,28,61,22,161,24122,13.107.238.59,-
43.133.98.45,February 21 2023 1:20:05 PM ICT,Bangkok - TH,Up,200,2,62,112,211,24122,13.107.237.68,-
43.133.98.45,February 21 2023 1:14:52 PM ICT,Bangkok - TH,Up,200,31,12,1,127,24122,13.107.238.59,-
43.133.98.45,February 21 2023 1:09:37 PM ICT,Bangkok - TH,Up,200,0,55,22,111,24122,13.107.238.59,-
43.225.142.155,February 21 2023 1:04:12 PM ICT,Bangkok - TH,Up,200,96,14,4,146,24122,13.107.237.59,-
43.225.142.155,February 21 2023 12:58:59 PM ICT,Bangkok - TH,Up,200,1,56,24,116,24122,13.107.238.59,-
43.133.98.45,February 21 2023 12:53:48 PM ICT,Bangkok - TH,Up,200,27,14,6,79,24122,13.107.237.59,-
43.133.98.45,February 21 2023 12:48:37 PM ICT,Bangkok - TH,Up,200,29,12,2,132,24122,13.107.237.59,-
43.225.142.155,February 21 2023 12:43:19 PM ICT,Bangkok - TH,Up,200,974,59,25,1094,24122,13.107.238.59,-
43.225.142.155,February 21 2023 12:38:05 PM ICT,Bangkok - TH,Up,200,85,26,4,207,24122,13.107.238.59,-
43.225.142.155,February 21 2023 12:32:51 PM ICT,Bangkok - TH,Up,200,66,57,25,182,24122,13.107.237.59,-
43.133.98.45,February 21 2023 12:27:34 PM ICT,Bangkok - TH,Up,200,28,9,2,117,24122,13.107.237.59,-
43.225.142.155,February 21 2023 12:22:20 PM ICT,Bangkok - TH,Up,200,921,57,24,1038,24122,13.107.237.59,-
43.133.98.45,February 21 2023 12:17:11 PM ICT,Bangkok - TH,Up,200,79,53,22,188,24122,13.107.237.68,-
43.225.142.155,February 21 2023 12:11:54 PM ICT,Bangkok - TH,Up,200,1001,14,4,1053,24122,13.107.237.59,-
43.133.98.45,February 21 2023 12:06:38 PM ICT,Bangkok - TH,Up,200,32,55,22,142,24122,13.107.237.59,-
43.225.142.155,February 21 2023 12:01:21 PM ICT,Bangkok - TH,Up,200,124,20,4,183,24122,13.107.238.59,-
43.133.98.45,February 21 2023 11:56:02 AM ICT,Bangkok - TH,Up,200,1,9,2,41,24122,13.107.237.59,-
43.133.98.45,February 21 2023 11:50:47 AM ICT,Bangkok - TH,Up,200,82,56,22,192,24122,13.107.238.68,-
43.133.98.45,February 21 2023 11:45:34 AM ICT,Bangkok - TH,Up,200,84,119,24,261,24122,13.107.238.48,-
43.133.98.45,February 21 2023 11:40:20 AM ICT,Bangkok - TH,Up,200,28,10,2,70,24122,13.107.237.59,-
43.133.98.45,February 21 2023 11:35:09 AM ICT,Bangkok - TH,Up,200,30,15,2,133,24122,13.107.238.59,-
43.225.142.155,February 21 2023 11:29:59 AM ICT,Bangkok - TH,Up,200,34,60,25,155,24122,13.107.238.59,-
43.225.142.155,February 21 2023 11:24:44 AM ICT,Bangkok - TH,Up,200,101,64,39,250,24122,13.107.237.59,-
43.225.142.155,February 21 2023 11:19:27 AM ICT,Bangkok - TH,Up,200,89,67,25,218,24122,13.107.238.59,-
43.225.142.155,February 21 2023 11:14:11 AM ICT,Bangkok - TH,Up,200,173,57,25,292,24122,13.107.238.68,-
43.133.98.45,February 21 2023 11:08:55 AM ICT,Bangkok - TH,Up,200,27,18,1,76,24122,13.107.238.59,-
43.133.98.45,February 21 2023 11:03:36 AM ICT,Bangkok - TH,Up,200,78,8,1,117,24122,13.107.238.68,-
43.225.142.155,February 21 2023 10:58:27 AM ICT,Bangkok - TH,Up,200,39,58,24,156,24122,13.107.237.59,-
43.225.142.155,February 21 2023 10:53:14 AM ICT,Bangkok - TH,Up,200,64,64,29,190,24122,13.107.226.59,-
43.225.142.155,February 21 2023 10:47:59 AM ICT,Bangkok - TH,Up,200,121,28,9,192,24122,13.107.237.59,-
43.133.98.45,February 21 2023 10:42:46 AM ICT,Bangkok - TH,Up,200,32,57,40,172,24122,13.107.237.59,-
43.133.98.45,February 21 2023 10:37:33 AM ICT,Bangkok - TH,Up,200,634,12,37,763,24122,13.107.238.68,-
43.133.98.45,February 21 2023 10:32:22 AM ICT,Bangkok - TH,Up,200,32,53,22,140,24122,13.107.237.59,-
43.225.142.155,February 21 2023 10:27:08 AM ICT,Bangkok - TH,Up,200,65,57,25,183,24122,13.107.237.59,-
43.225.142.155,February 21 2023 10:21:58 AM ICT,Bangkok - TH,Up,200,55,61,24,219,24122,13.107.238.68,-
43.133.98.45,February 21 2023 10:16:46 AM ICT,Bangkok - TH,Up,200,84,100,30,257,24122,13.107.237.68,-
43.133.98.45,February 21 2023 10:11:31 AM ICT,Bangkok - TH,Up,200,5,57,23,119,24122,13.107.238.59,-
43.225.142.155,February 21 2023 10:06:15 AM ICT,Bangkok - TH,Up,200,64,13,4,115,24122,13.107.237.59,-
43.225.142.155,February 21 2023 10:01:06 AM ICT,Bangkok - TH,Up,200,938,15,5,990,24122,13.107.238.59,-
43.225.142.155,February 21 2023 9:55:55 AM ICT,Bangkok - TH,Up,200,35,17,8,166,24122,13.107.238.59,-
43.225.142.155,February 21 2023 9:50:43 AM ICT,Bangkok - TH,Up,200,66,57,24,183,24122,13.107.238.59,-
43.225.142.155,February 21 2023 9:45:20 AM ICT,Bangkok - TH,Up,200,13,65,25,142,24122,13.107.237.59,-
43.133.98.45,February 21 2023 9:40:04 AM ICT,Bangkok - TH,Up,200,26,54,22,134,24122,13.107.237.59,-
43.225.142.155,February 21 2023 9:34:56 AM ICT,Bangkok - TH,Up,200,72,57,31,213,24122,13.107.237.59,-
43.225.142.155,February 21 2023 9:29:43 AM ICT,Bangkok - TH,Up,200,58,60,26,182,24122,13.107.237.59,-
43.133.98.45,February 21 2023 9:24:30 AM ICT,Bangkok - TH,Up,200,27,56,22,138,24122,13.107.238.59,-
43.133.98.45,February 21 2023 9:19:21 AM ICT,Bangkok - TH,Up,200,1,13,19,61,24122,13.107.237.59,-
43.225.142.155,February 21 2023 9:14:12 AM ICT,Bangkok - TH,Up,200,54,54,24,177,24122,13.107.237.59,-
43.133.98.45,February 21 2023 9:09:05 AM ICT,Bangkok - TH,Up,200,1,9,2,93,24122,13.107.238.59,-
43.133.98.45,February 21 2023 9:03:51 AM ICT,Bangkok - TH,Up,200,26,56,22,136,24122,13.107.238.59,-
43.225.142.155,February 21 2023 8:58:31 AM ICT,Bangkok - TH,Up,200,64,57,26,181,24122,13.107.237.59,-
43.225.142.155,February 21 2023 8:53:24 AM ICT,Bangkok - TH,Up,200,2,57,24,118,24122,13.107.237.59,-
43.225.142.155,February 21 2023 8:48:09 AM ICT,Bangkok - TH,Up,200,64,12,3,169,24122,13.107.238.59,-
43.133.98.45,February 21 2023 8:42:57 AM ICT,Bangkok - TH,Up,200,30,12,2,124,24122,13.107.238.59,-
43.225.142.155,February 21 2023 8:37:45 AM ICT,Bangkok - TH,Up,200,164,58,25,325,24122,13.107.238.59,-
43.133.98.45,February 21 2023 8:32:38 AM ICT,Bangkok - TH,Up,200,34,15,7,89,24122,13.107.237.59,-
43.133.98.45,February 21 2023 8:27:26 AM ICT,Bangkok - TH,Up,200,78,18,2,178,24122,13.107.237.68,-
43.133.98.45,February 21 2023 8:22:15 AM ICT,Bangkok - TH,Up,200,27,47,21,144,24122,13.107.237.59,-
43.225.142.155,February 21 2023 8:16:55 AM ICT,Bangkok - TH,Up,200,4,56,27,162,24122,13.107.237.59,-
43.225.142.155,February 21 2023 8:11:34 AM ICT,Bangkok - TH,Up,200,45,60,24,207,24122,13.107.238.59,-
43.225.142.155,February 21 2023 8:06:08 AM ICT,Bangkok - TH,Up,200,65,13,4,163,24122,13.107.238.59,-
43.225.142.155,February 21 2023 8:00:48 AM ICT,Bangkok - TH,Up,200,68,57,24,230,24122,13.107.238.59,-
43.225.142.155,February 21 2023 7:55:29 AM ICT,Bangkok - TH,Up,200,55,55,24,182,24122,13.107.237.59,-
43.133.98.45,February 21 2023 7:50:16 AM ICT,Bangkok - TH,Up,200,31,9,2,120,24122,13.107.237.59,-
43.133.98.45,February 21 2023 7:44:56 AM ICT,Bangkok - TH,Up,200,78,10,2,196,24122,13.107.238.59,-
43.133.98.45,February 21 2023 7:39:37 AM ICT,Bangkok - TH,Up,200,27,57,24,144,24122,13.107.238.59,-
43.225.142.155,February 21 2023 7:34:23 AM ICT,Bangkok - TH,Up,200,60,55,26,196,24122,13.107.238.59,-
43.225.142.155,February 21 2023 7:28:57 AM ICT,Bangkok - TH,Up,200,59,56,26,198,24122,13.107.238.59,-
43.225.142.155,February 21 2023 7:23:42 AM ICT,Bangkok - TH,Up,200,62,62,27,229,24122,13.107.238.59,-
43.133.98.45,February 21 2023 7:18:24 AM ICT,Bangkok - TH,Up,200,28,65,28,171,24122,13.107.226.59,-
43.225.142.155,February 21 2023 7:13:06 AM ICT,Bangkok - TH,Up,200,61,18,4,115,24122,13.107.237.59,-
43.225.142.155,February 21 2023 7:07:45 AM ICT,Bangkok - TH,Up,200,64,20,6,122,24122,13.107.237.59,-
43.133.98.45,February 21 2023 7:02:22 AM ICT,Bangkok - TH,Up,200,2,61,24,121,24122,13.107.238.59,-
43.133.98.45,February 21 2023 6:57:00 AM ICT,Bangkok - TH,Up,200,81,56,25,198,24122,13.107.237.59,-
43.133.98.45,February 21 2023 6:51:46 AM ICT,Bangkok - TH,Up,200,31,8,2,119,24122,13.107.237.59,-
43.133.98.45,February 21 2023 6:46:30 AM ICT,Bangkok - TH,Up,200,69,60,24,189,24122,13.107.238.59,-
43.225.142.155,February 21 2023 6:41:16 AM ICT,Bangkok - TH,Up,200,33,60,26,196,24122,13.107.237.59,-
43.225.142.155,February 21 2023 6:35:54 AM ICT,Bangkok - TH,Up,200,33,62,27,204,24122,13.107.237.59,-
43.133.98.45,February 21 2023 6:30:35 AM ICT,Bangkok - TH,Up,200,30,57,23,232,24122,13.107.238.59,-
43.225.142.155,February 21 2023 6:25:14 AM ICT,Bangkok - TH,Up,200,62,16,5,164,24122,13.107.237.59,-
43.133.98.45,February 21 2023 6:20:00 AM ICT,Bangkok - TH,Up,200,28,13,2,121,24122,13.107.237.59,-
43.225.142.155,February 21 2023 6:14:41 AM ICT,Bangkok - TH,Up,200,67,64,27,247,24122,13.107.238.59,-
43.133.98.45,February 21 2023 6:09:25 AM ICT,Bangkok - TH,Up,200,32,59,25,152,24122,13.107.237.59,-
43.225.142.155,February 21 2023 6:04:09 AM ICT,Bangkok - TH,Up,200,61,56,26,198,24122,13.107.237.59,-
43.225.142.155,February 21 2023 5:58:31 AM ICT,Bangkok - TH,Up,200,33,17,6,140,24122,13.107.237.59,-
43.133.98.45,February 21 2023 5:53:10 AM ICT,Bangkok - TH,Up,200,81,16,4,206,24122,13.107.237.48,-
43.133.98.45,February 21 2023 5:47:53 AM ICT,Bangkok - TH,Up,200,79,57,24,238,24122,13.107.238.68,-
43.225.142.155,February 21 2023 5:42:39 AM ICT,Bangkok - TH,Up,200,62,25,5,175,24122,13.107.238.59,-
43.225.142.155,February 21 2023 5:37:19 AM ICT,Bangkok - TH,Up,200,62,16,4,162,24122,13.107.237.59,-
43.225.142.155,February 21 2023 5:31:58 AM ICT,Bangkok - TH,Up,200,36,17,4,138,24122,13.107.238.68,-
43.133.98.45,February 21 2023 5:26:35 AM ICT,Bangkok - TH,Up,200,32,9,2,121,24122,13.107.237.59,-
43.225.142.155,February 21 2023 5:21:21 AM ICT,Bangkok - TH,Up,200,33,13,4,130,24122,13.107.238.48,-
43.133.98.45,February 21 2023 5:16:04 AM ICT,Bangkok - TH,Up,200,31,54,24,162,24122,13.107.237.59,-
43.133.98.45,February 21 2023 5:10:50 AM ICT,Bangkok - TH,Up,200,81,57,24,240,24122,13.107.238.59,-
43.133.98.45,February 21 2023 5:05:24 AM ICT,Bangkok - TH,Up,200,33,13,10,136,24122,13.107.237.59,-
43.133.98.45,February 21 2023 5:00:08 AM ICT,Bangkok - TH,Up,200,100,58,24,217,24122,13.107.238.48,-
43.225.142.155,February 21 2023 4:54:52 AM ICT,Bangkok - TH,Up,200,216,63,27,393,24122,13.107.237.68,-
43.225.142.155,February 21 2023 4:49:26 AM ICT,Bangkok - TH,Up,200,33,12,6,132,24122,13.107.237.59,-
43.225.142.155,February 21 2023 4:44:05 AM ICT,Bangkok - TH,Up,200,76,15,4,176,24122,13.107.238.59,-
43.133.98.45,February 21 2023 4:38:41 AM ICT,Bangkok - TH,Up,200,42,62,33,217,24122,13.107.238.59,-
43.133.98.45,February 21 2023 4:33:26 AM ICT,Bangkok - TH,Up,200,31,9,2,119,24122,13.107.237.59,-
43.133.98.45,February 21 2023 4:28:04 AM ICT,Bangkok - TH,Up,200,102,52,23,226,24122,13.107.237.68,-
43.133.98.45,February 21 2023 4:22:49 AM ICT,Bangkok - TH,Up,200,117,11,3,209,24122,13.107.237.48,-
43.133.98.45,February 21 2023 4:17:30 AM ICT,Bangkok - TH,Up,200,29,57,24,189,24122,13.107.237.59,-
43.133.98.45,February 21 2023 4:12:04 AM ICT,Bangkok - TH,Up,200,1,16,4,104,24122,13.107.237.59,-
43.133.98.45,February 21 2023 4:06:37 AM ICT,Bangkok - TH,Up,200,79,9,2,167,24122,13.107.237.59,-
43.133.98.45,February 21 2023 4:01:15 AM ICT,Bangkok - TH,Up,200,82,71,31,245,24122,13.107.238.59,-
43.133.98.45,February 21 2023 3:55:53 AM ICT,Bangkok - TH,Up,200,84,10,1,127,24122,13.107.237.48,-
43.225.142.155,February 21 2023 3:50:40 AM ICT,Bangkok - TH,Up,200,66,63,31,242,24122,13.107.237.59,-
43.225.142.155,February 21 2023 3:45:15 AM ICT,Bangkok - TH,Up,200,65,63,27,241,24122,13.107.237.59,-
43.225.142.155,February 21 2023 3:39:53 AM ICT,Bangkok - TH,Up,200,164,16,8,274,24122,13.107.237.59,-
43.133.98.45,February 21 2023 3:34:35 AM ICT,Bangkok - TH,Up,200,81,13,2,195,24122,13.107.237.59,-
43.225.142.155,February 21 2023 3:29:18 AM ICT,Bangkok - TH,Up,200,219,61,26,382,24122,13.107.237.68,-
43.225.142.155,February 21 2023 3:23:51 AM ICT,Bangkok - TH,Up,200,66,61,26,222,24122,13.107.237.59,-
43.133.98.45,February 21 2023 3:18:34 AM ICT,Bangkok - TH,Up,200,81,60,32,209,24122,13.107.237.48,-
43.225.142.155,February 21 2023 3:13:09 AM ICT,Bangkok - TH,Up,200,64,28,13,201,24122,13.107.237.59,-
43.225.142.155,February 21 2023 3:07:50 AM ICT,Bangkok - TH,Up,200,1,13,3,98,24122,13.107.238.59,-
43.133.98.45,February 21 2023 3:02:33 AM ICT,Bangkok - TH,Up,200,33,57,24,191,24122,13.107.238.59,-
43.225.142.155,February 21 2023 2:57:13 AM ICT,Bangkok - TH,Up,200,999,21,6,1107,24122,13.107.238.59,-
43.225.142.155,February 21 2023 2:51:44 AM ICT,Bangkok - TH,Up,200,57,14,5,156,24122,13.107.238.59,-
43.225.142.155,February 21 2023 2:46:27 AM ICT,Bangkok - TH,Up,200,32,13,5,131,24122,13.107.237.59,-
43.225.142.155,February 21 2023 2:41:05 AM ICT,Bangkok - TH,Up,200,70,68,28,274,24122,13.107.238.59,-
43.133.98.45,February 21 2023 2:35:39 AM ICT,Bangkok - TH,Up,200,29,19,1,130,24122,13.107.237.59,-
43.225.142.155,February 21 2023 2:30:10 AM ICT,Bangkok - TH,Up,200,1,11,3,94,24122,13.107.238.59,-
43.225.142.155,February 21 2023 2:24:46 AM ICT,Bangkok - TH,Up,200,34,61,26,158,24122,13.107.238.59,-
43.225.142.155,February 21 2023 2:19:30 AM ICT,Bangkok - TH,Up,200,32,13,4,135,24122,13.107.238.59,-
43.225.142.155,February 21 2023 2:14:08 AM ICT,Bangkok - TH,Up,200,137,58,26,279,24122,13.107.238.59,-
43.225.142.155,February 21 2023 2:08:48 AM ICT,Bangkok - TH,Up,200,66,18,11,178,24122,13.107.237.59,-
43.225.142.155,February 21 2023 2:03:28 AM ICT,Bangkok - TH,Up,200,65,58,26,217,24122,13.107.237.59,-
43.133.98.45,February 21 2023 1:58:10 AM ICT,Bangkok - TH,Up,200,29,10,2,125,24122,13.107.237.59,-
43.133.98.45,February 21 2023 1:52:55 AM ICT,Bangkok - TH,Up,200,99,61,30,238,24122,13.107.237.68,-
43.225.142.155,February 21 2023 1:47:36 AM ICT,Bangkok - TH,Up,200,67,65,29,200,24122,13.107.237.59,-
43.225.142.155,February 21 2023 1:42:22 AM ICT,Bangkok - TH,Up,200,64,66,31,199,24122,13.107.238.59,-
43.225.142.155,February 21 2023 1:37:04 AM ICT,Bangkok - TH,Up,200,64,58,26,200,24122,13.107.237.59,-
43.225.142.155,February 21 2023 1:31:45 AM ICT,Bangkok - TH,Up,200,66,14,4,115,24122,13.107.237.59,-
43.133.98.45,February 21 2023 1:26:19 AM ICT,Bangkok - TH,Up,200,34,63,26,181,24122,13.107.237.59,-
43.225.142.155,February 21 2023 1:20:57 AM ICT,Bangkok - TH,Up,200,26,13,4,125,24122,13.107.238.59,-
43.133.98.45,February 21 2023 1:15:44 AM ICT,Bangkok - TH,Up,200,33,59,25,154,24122,13.107.237.59,-
43.225.142.155,February 21 2023 1:10:18 AM ICT,Bangkok - TH,Up,200,68,13,4,116,24122,13.107.238.59,-
43.225.142.155,February 21 2023 1:03:57 AM ICT,Bangkok - TH,Up,200,30,76,44,195,24122,13.107.238.59,-
43.133.98.45,February 21 2023 12:58:09 AM ICT,Bangkok - TH,Up,200,30,69,30,167,24122,13.107.237.59,-
43.133.98.45,February 21 2023 12:52:40 AM ICT,Bangkok - TH,Up,200,27,61,25,149,24122,13.107.238.59,-
43.133.98.45,February 21 2023 12:47:19 AM ICT,Bangkok - TH,Up,200,97,9,2,139,24122,13.107.238.48,-
43.225.142.155,February 21 2023 12:41:58 AM ICT,Bangkok - TH,Up,200,69,13,11,176,24122,13.107.237.59,-
43.133.98.45,February 21 2023 12:36:41 AM ICT,Bangkok - TH,Up,200,29,12,2,121,24122,13.107.238.59,-
43.225.142.155,February 21 2023 12:31:14 AM ICT,Bangkok - TH,Up,200,63,57,29,196,24122,13.107.237.59,-
43.225.142.155,February 21 2023 12:25:57 AM ICT,Bangkok - TH,Up,200,69,63,28,240,24122,13.107.237.59,-
43.225.142.155,February 21 2023 12:20:29 AM ICT,Bangkok - TH,Up,200,63,14,5,115,24122,13.107.237.59,-
43.225.142.155,February 21 2023 12:15:04 AM ICT,Bangkok - TH,Up,200,63,14,4,116,24122,13.107.237.59,-
43.225.142.155,February 21 2023 12:09:49 AM ICT,Bangkok - TH,Up,200,75,16,6,181,24122,13.107.237.59,-
43.133.98.45,February 21 2023 12:04:27 AM ICT,Bangkok - TH,Up,200,30,10,1,121,24122,13.107.238.59,-
